player,team,maps_played,avg_acs,avg_vlr,avg_kd,avg_impact,pred_impact,win_rate,avg_first_kills,avg_clutch,avg_hs,rank
XiaoFei,Night Wings Gaming,5,209.0,1.0366666666666666,1.0590645601675013,9804779.212778213,9.801749e+06,0.4166666666666667,1.6666666666666667,0.06536519036519037,37.916666666666664,1
Ichiro,Dragon Ranger Gaming,6,197.46666666666667,1.1816666666666664,1.084423436041083,8304473.943300614,8.2984245e+06,0.5333333333333333,1.5666666666666667,0.055363155363155364,27.566666666666666,2
Leviathan,FULL SENSE,5,190.66666666666666,0.9733333333333333,1.0558370661989083,7912745.7606549775,7.916148e+06,0.4166666666666667,1.0,0.0527516343305817,40.333333333333336,3
zeek,Team Heretics,7,199.1875,0.93625,0.9549355158730158,7129957.807468437,7.132034e+06,0.25,1.9375,0.047533048038562745,27.875,4
n1zzy,Team Secret,5,189.6153846153846,0.9592307692307693,1.0250888817065287,6947645.892558353,6.949246e+06,0.3076923076923077,2.230769230769231,0.0463176351923155,41.61538461538461,5
takej,DetonatioN FocusMe,11,177.56521739130434,0.8908695652173912,0.8734596999521619,6910588.902202259,6.912983e+06,0.08695652173913043,1.7826086956521738,0.04607058897340227,35.34782608695652,6
Shao,Natus Vincere,64,187.87579617834396,1.0621019108280254,1.1614638035003448,6793268.220607271,6.7978295e+06,0.49044585987261147,1.5095541401273886,0.04528845047761705,33.5796178343949,7
gagaaaa,Douyu Gaming,5,197.9,1.004,1.0277380952380952,6744746.185508503,6.7452895e+06,0.4,1.4,0.04496497038057141,21.6,8
v1c,Cloud9,26,197.01639344262296,1.0926229508196723,1.240533223170385,6719233.001847835,6.717048e+06,0.5245901639344263,1.7540983606557377,0.04479488213558726,29.721311475409838,9
lz,2Game Esports,12,175.14285714285714,0.8682142857142857,0.8812531830914184,6603224.070704459,6.60924e+06,0.25,1.7857142857142858,0.04402149017501738,40.5,10
CLZ,ZETA DIVISION,12,165.75,0.8785714285714287,0.8656644456028025,6464663.765810576,6.4649985e+06,0.39285714285714285,1.25,0.04309775482952992,33.142857142857146,11
BerserX,BOOM Esports,17,194.675,0.99825,1.1178261435846575,6459949.625593716,6.461248e+06,0.35,1.925,0.04306632651366969,24.35,12
Rosé,BBL Esports,7,164.75,0.826,0.8538250171610147,6388176.443425732,6.3798885e+06,0.6,1.2,0.042587839483619536,27.75,13
dos9,BOOM Esports,18,203.6590909090909,1.1120454545454546,1.1676549301505323,6375613.809054217,6.3716625e+06,0.38636363636363635,1.5681818181818181,0.042504087579953505,29.5,14
PxS,2Game Esports,6,167.35714285714286,0.875,0.8449129522990646,6353699.764189613,6.342287e+06,0.2857142857142857,1.7142857142857142,0.04235799490941022,27.285714285714285,15
Loita,BBL Esports,7,188.75,1.08,1.1239319381598794,6273996.237655157,6.280825e+06,0.6,1.15,0.041826637405534293,38.4,16
trent,G2 Esports,83,197.9158878504673,1.1219158878504674,1.1954969219774563,6256230.373479253,6.254573e+06,0.6355140186915887,1.5560747663551402,0.041708197994263715,28.39252336448598,17
skuba,NRG,29,193.80769230769232,1.0812820512820513,1.2174864263673582,6007537.069692572,6.0119545e+06,0.6282051282051282,1.5897435897435896,0.04005024262218651,27.987179487179485,18
Papi,Global Esports,13,165.53333333333333,0.8859999999999999,0.9347394109158815,5967575.743649104,5.9663765e+06,0.3,1.2333333333333334,0.039783834586466164,30.366666666666667,19
Serial,Team Liquid,12,164.48387096774192,0.9075806451612903,0.9712591277581789,5938041.969509774,5.9388565e+06,0.5483870967741935,1.2580645161290323,0.039586942771498504,39.33870967741935,20
nataNk,Gentle Mates,20,210.08163265306123,1.0040816326530613,1.0768468320826563,5888219.657957509,5.8889815e+06,0.3673469387755102,2.7551020408163267,0.03925479332172902,26.836734693877553,21
DH,T1,12,194.30769230769232,1.0646153846153845,1.047054545736077,5878671.558630585,5.883384e+06,0.5,1.7692307692307692,0.03919113949478322,37.15384615384615,22
reazy,BBL Esports,12,161.82142857142858,0.8560714285714285,0.8426484493932527,5842160.143844599,5.8420465e+06,0.39285714285714285,0.9285714285714286,0.038947730815507675,30.321428571428573,23
AYRIN,Global Esports,11,170.1153846153846,0.8646153846153847,0.9104320360780231,5792250.01089851,5.7964265e+06,0.38461538461538464,1.3076923076923077,0.03861499641382533,19.846153846153847,24
Ivy,Nongshim RedForce,27,186.42253521126761,1.036338028169014,1.1573556560030391,5614955.214683212,5.6130335e+06,0.6197183098591549,1.4929577464788732,0.03743303035847575,31.295774647887324,25
moose,Cloud9,12,172.06451612903226,0.957741935483871,1.055773788197887,5552556.544599685,5.554154e+06,0.45161290322580644,1.6129032258064515,0.037017039625116516,24.70967741935484,26
Zest,DRX,26,176.3108108108108,0.939054054054054,0.9828851778155183,5472712.101268015,5.4746845e+06,0.4189189189189189,1.3243243243243243,0.036484743486863556,32.08108108108108,27
hiroronn,ZETA DIVISION,15,172.87179487179486,0.875897435897436,0.894269210960685,5463266.296818321,5.4619505e+06,0.41025641025641024,1.5384615384615385,0.03642177171925455,30.41025641025641,28
adverso,VISA KRÜ(KRÜ Esports),17,178.84615384615384,0.8925641025641026,0.8753494431661852,5465200.087522668,5.4597365e+06,0.41025641025641024,1.2820512820512822,0.03643466360896495,20.205128205128204,29
runi,Cloud9,27,179.3450704225352,0.9909859154929578,1.0207536498661733,5447806.978396618,5.4533015e+06,0.5492957746478874,1.295774647887324,0.03631870922238515,30.197183098591548,30
jakee,Cloud9,19,188.8877551020408,0.9854081632653062,1.0001250183723174,5422765.747502938,5.4263705e+06,0.5918367346938775,1.7551020408163265,0.03615176760304377,30.183673469387756,31
fl1pzjder,Rex Regum Qeon,20,176.9795918367347,0.9185714285714285,0.9137194935624579,5430143.39077311,5.4238225e+06,0.4489795918367347,1.6734693877551021,0.03620095216994847,26.959183673469386,32
yatsuka,DetonatioN FocusMe,7,183.5625,0.91375,0.9732280119905894,5405371.123767,5.402364e+06,0.5,2.9375,0.036035803441409844,30.0,33
Persia,Nongshim RedForce,19,182.79591836734693,1.0385714285714285,1.0696858610360853,5387403.797281195,5.385522e+06,0.5306122448979592,1.5510204081632653,0.03591602112291853,27.46938775510204,34
gobera,2Game Esports,12,176.78571428571428,0.8550000000000001,0.886453634944347,5391493.680547833,5.381655e+06,0.25,1.2857142857142858,0.03594328757143883,28.964285714285715,35
RgLMeister,MIBR,21,177.3125,0.9343750000000001,0.903684569447437,5379578.350986418,5.3809195e+06,0.2916666666666667,1.0208333333333333,0.035863851960819926,25.020833333333332,36
AsLanM4shadoW,BBL Esports,11,199.17857142857142,0.9375,1.0004193749024577,5348996.381647406,5.3433855e+06,0.35714285714285715,1.6071428571428572,0.035659971770628844,26.535714285714285,37
baddyG,Movistar KOI(KOI),5,192.0,0.9471428571428572,0.9486380158123856,5338044.904350928,5.336776e+06,0.35714285714285715,1.8571428571428572,0.03558696205755029,23.857142857142858,38
C0M,LEVIATÁN,80,178.7962085308057,0.9822274881516587,1.0313103975365725,5324464.482296848,5.3253005e+06,0.5592417061611374,1.5213270142180095,0.035496425859541075,23.14218009478673,39
supamen,Evil Geniuses,34,188.0379746835443,0.9730379746835444,1.0399793720516182,5301035.539536323,5.302855e+06,0.45569620253164556,1.8227848101265822,0.03534023281746879,38.177215189873415,40
sheydos,KOI,40,177.16494845360825,1.0103092783505154,1.0939280488979668,5301243.633533412,5.300713e+06,0.32989690721649484,1.092783505154639,0.03534162015867869,27.587628865979383,41
BeYN,DRX,50,175.06617647058823,0.9820588235294118,1.0209755085107934,5242631.259857474,5.2436995e+06,0.5735294117647058,1.2941176470588236,0.0349508711470083,27.235294117647058,42
xffero,Rex Regum Qeon,61,196.3231707317073,1.0346951219512195,1.140502943932175,5225767.2885516705,5.2278525e+06,0.4878048780487805,1.6402439024390243,0.03483844416986085,28.829268292682926,43
R1ckLee,Weibo Gaming,7,180.6875,0.866875,0.9853324924774228,5157971.006709411,5.158002e+06,0.5,2.5,0.03438646950875211,22.3125,44
AvovA,Apeks,23,167.40350877192984,0.8935087719298246,0.844147951201479,5142538.244879561,5.1422855e+06,0.2631578947368421,1.2456140350877194,0.03428358479106437,29.280701754385966,45
Brave,BBL Esports,23,193.64285714285714,0.9546428571428571,1.0076951866349533,5132206.475364132,5.128868e+06,0.375,1.9464285714285714,0.03421470569246298,34.017857142857146,46
yetujey,FUT Esports,46,199.29090909090908,1.0410000000000001,1.1534597295044506,5115937.901864862,5.118259e+06,0.45454545454545453,2.1545454545454548,0.03410624824397937,25.79090909090909,47
MONSTEERR,Movistar KOI(KOI),5,196.35714285714286,0.9678571428571429,0.9939092116419627,5098328.4873737395,5.098307e+06,0.35714285714285715,1.5714285714285714,0.03398885245797924,29.142857142857142,48
wayne,Team Liquid,10,188.52,1.0192,1.106378661586092,5102114.212033509,5.097085e+06,0.6,1.36,0.03401409048467872,33.76,49
NaturE,Evil Geniuses,29,178.38235294117646,0.9136764705882353,0.8764019134232893,5071406.194106452,5.073839e+06,0.45588235294117646,1.1470588235294117,0.03380937097980501,26.83823529411765,50
crashies,FNATIC,80,186.28708133971293,1.0395215311004784,1.1103657694179225,5060141.82356438,5.065446e+06,0.5741626794258373,1.1770334928229664,0.033734274596321265,31.023923444976077,51
eeiu,100 Thieves,48,194.075,1.1051666666666666,1.2399466535428223,5052621.741941377,5.05191e+06,0.5333333333333333,1.1,0.03368414045397825,31.591666666666665,52
Less,LOUD,67,213.17514124293785,1.1281920903954803,1.2818134405645614,5049473.8899713745,5.048024e+06,0.5480225988700564,1.807909604519774,0.03366315443215464,28.757062146892654,53
mazin,FURIA,30,162.15714285714284,0.8607142857142858,0.8782746418947937,5037345.373404315,5.0357695e+06,0.37142857142857144,1.3857142857142857,0.03358229900698604,28.857142857142858,54
Kicks,Team Vitality,44,177.24778761061947,0.9639823008849558,0.9592436088513379,5024841.805609269,5.024966e+06,0.49557522123893805,1.2212389380530972,0.03349894156735797,24.654867256637168,55
westside,GIANTX,29,188.89473684210526,0.970921052631579,1.069797421281758,4998089.062779091,4.998379e+06,0.47368421052631576,1.9605263157894737,0.033320589562508676,42.48684210526316,56
Lumo,Four Angry Men,6,197.6875,1.080625,1.3901493930905695,4992779.074224369,4.9957035e+06,0.5,1.25,0.03328518907563025,22.0,57
frz,MIBR,21,193.5625,0.9562499999999999,0.9573436911672206,4990063.578806795,4.9878265e+06,0.2916666666666667,1.875,0.033267086492200906,29.979166666666668,58
barricade,Night Wings Gaming,5,181.66666666666666,0.8975,0.9216342019263846,4974984.830028716,4.9776945e+06,0.4166666666666667,1.75,0.03316656169917039,29.333333333333332,59
sphiry,Four Angry Men,6,204.5,1.214375,1.3434352380076064,4931902.450488248,4.9319165e+06,0.5,1.5,0.03287934491978609,34.0,60
Jamppi,Team Liquid,62,192.87662337662337,0.9851298701298702,1.0870639307127585,4914223.97593423,4.916531e+06,0.5064935064935064,1.7337662337662338,0.03276148899022164,28.318181818181817,61
pANcada,LOUD,36,183.23333333333332,0.9943333333333333,1.042167888632027,4839760.842697299,4.840173e+06,0.37777777777777777,1.2777777777777777,0.032265068215678434,32.78888888888889,62
Xross,Nongshim RedForce,8,196.8181818181818,1.115,1.2955769550601384,4832264.035557864,4.8241685e+06,0.8181818181818182,1.4090909090909092,0.03221508883273589,29.727272727272727,63
Askia,2Game Esports,5,194.0,0.9054545454545455,0.930798778339589,4825399.663145377,4.823021e+06,0.2727272727272727,3.1818181818181817,0.03216932706096793,31.545454545454547,64
tuyz,LOUD,60,168.13836477987422,0.9645283018867925,0.998753103913306,4776448.901073734,4.777318e+06,0.5157232704402516,1.1823899371069182,0.03184298887388767,30.037735849056602,65
iZu,T1,60,206.1139240506329,1.0287974683544305,1.1624956372578057,4776526.867748557,4.776241e+06,0.5126582278481012,2.411392405063291,0.031843507888873426,28.753164556962027,66
Bazzi,Global Esports,11,192.0,1.0069230769230768,0.9653275426182666,4773584.031563807,4.7713445e+06,0.38461538461538464,1.3076923076923077,0.03182388942740787,17.615384615384617,67
BORKUM,Team Secret,30,184.05405405405406,1.0105405405405405,1.005793520054356,4754093.967671002,4.7536835e+06,0.5135135135135135,1.5135135135135136,0.031693955781147864,20.85135135135135,68
DaveeyS,KRÜ Esports,15,187.73684210526315,1.0368421052631578,1.1162778784682807,4750047.831866438,4.7505315e+06,0.39473684210526316,1.8421052631578947,0.03166698131416766,26.68421052631579,69
mindfreak,Paper Rex,61,175.17791411042944,0.9749693251533742,1.0591309631296146,4742849.098416673,4.7465465e+06,0.5950920245398773,1.0736196319018405,0.031618990066970415,31.754601226993866,70
MOJJ,FUT Esports,24,188.1818181818182,0.9460000000000001,0.9872708005476089,4727241.052928805,4.7254975e+06,0.509090909090909,1.7454545454545454,0.031514936337743764,28.254545454545454,71
hiro,Natus Vincere,38,204.5,1.0843749999999999,1.3091577428330041,4722221.708888893,4.7235225e+06,0.5520833333333334,1.65625,0.031481473364844276,31.541666666666668,72
MAGNUM,Karmine Corp,41,187.20873786407768,0.981504854368932,1.0384916805518567,4698679.6881663175,4.6947365e+06,0.5436893203883495,1.8349514563106797,0.03132452719416429,27.466019417475728,73
Shyy,KRÜ Esports,57,194.49324324324326,1.043310810810811,1.120458789653836,4679356.006132022,4.67783e+06,0.4864864864864865,1.5945945945945945,0.031195702361067824,25.85810810810811,74
koldamenta,KOI,14,126.79411764705883,0.7047058823529412,0.6350843216760172,4631369.397577858,4.633167e+06,0.3235294117647059,0.8235294117647058,0.030875793453192833,23.61764705882353,75
mitch,Cloud9,19,178.37777777777777,0.943111111111111,0.9395215016035449,4621908.751117863,4.622302e+06,0.5111111111111111,1.288888888888889,0.030812721268816748,20.711111111111112,76
foxz,TALON,14,196.24242424242425,1.0142424242424242,1.037342069695011,4627212.17716303,4.621975e+06,0.5151515151515151,1.5757575757575757,0.030848077043729216,26.151515151515152,77
Emman,Rex Regum Qeon,9,192.5,0.982,0.9389647413989518,4624506.53307107,4.6183775e+06,0.3,1.9,0.0308300395256917,34.5,78
Verno,MIBR,30,191.9493670886076,1.0506329113924051,1.1837512441879563,4594751.75305608,4.5964115e+06,0.4936708860759494,1.4303797468354431,0.030631673933070612,28.27848101265823,79
PROFEK,BBL Esports,28,195.04929577464787,1.0385211267605634,1.3775786990231202,4591400.84244349,4.590326e+06,0.5492957746478874,1.4929577464788732,0.0306093342364171,28.577464788732396,80
Marved,Sentinels,18,187.04761904761904,0.9414285714285714,0.9760833204594862,4577085.450613329,4.572716e+06,0.5238095238095238,1.8095238095238095,0.03051389907016025,28.547619047619047,81
2GE,Team Secret,26,174.08928571428572,0.9560714285714286,0.9870682944537157,4566758.477661381,4.5615005e+06,0.44642857142857145,1.1785714285714286,0.030445052795085487,26.375,82
johnqt,Sentinels,66,184.36994219653178,1.0808092485549132,1.1960055640725034,4536553.422162942,4.540747e+06,0.5606936416184971,1.254335260115607,0.030243685099343717,26.526011560693643,83
trexx,Team Vitality,51,214.24444444444444,1.119888888888889,1.145831663113225,4529840.59389944,4.529589e+06,0.5037037037037037,1.7777777777777777,0.030198932718656472,19.54074074074074,84
sociablEE,BBL Esports,27,202.70289855072463,1.0043478260869565,1.1515393490720676,4493444.316064829,4.494303e+06,0.5362318840579711,2.101449275362319,0.02995629097758239,27.318840579710145,85
SUYGETSU,Natus Vincere,60,195.95333333333335,1.0772000000000002,1.1939300646893525,4481817.542127905,4.4849355e+06,0.4866666666666667,1.6333333333333333,0.029878779106282807,36.46666666666667,86
Sushiboys,TALON,9,187.52941176470588,0.9141176470588235,0.9489262899730029,4464286.295901627,4.461393e+06,0.4117647058823529,1.6470588235294117,0.02976190476190476,22.058823529411764,87
Ash,Gen.G,24,173.4262295081967,1.031639344262295,1.1935025783202455,4419748.193155575,4.4209945e+06,0.5409836065573771,1.098360655737705,0.029464983708599225,30.475409836065573,88
Leo,FNATIC,42,205.66037735849056,1.2286792452830189,1.503753845329726,4410324.646811115,4.413377e+06,0.6981132075471698,0.8962264150943396,0.02940215927605035,23.839622641509433,89
Guran,Douyu Gaming,5,206.7,1.108,1.118546176046176,4403117.2631779965,4.4014775e+06,0.4,1.5,0.029354110652064613,24.3,90
Khalil,FURIA,34,181.1,0.9646250000000001,0.9887182251980047,4382841.914350258,4.383817e+06,0.325,1.125,0.0292189421705297,28.9375,91
Rossy,T1,27,197.73134328358208,1.022313432835821,1.080892966836315,4363637.934994432,4.363292e+06,0.373134328358209,1.4328358208955223,0.02909091529830546,27.044776119402986,92
XuAN,Four Angry Men,6,196.3125,0.984375,1.1819782662535145,4339548.97980846,4.342359e+06,0.5,1.875,0.02893032212885154,20.125,93
primmie,TALON,31,233.6578947368421,1.145,1.3433921296819673,4336077.479470865,4.3336595e+06,0.4473684210526316,2.526315789473684,0.02890717806928992,37.76315789473684,94
SSeeS,DetonatioN FocusMe,25,153.61666666666667,0.8413333333333333,0.8246198599532661,4326038.731636674,4.327279e+06,0.36666666666666664,0.9333333333333333,0.028840255007303063,30.366666666666667,95
LilCrazy,Douyu Gaming,5,232.7,1.1030000000000002,1.2279038438117722,4324382.672336048,4.318233e+06,0.4,3.9,0.02882921284455811,32.6,96
Killua,TALON,22,195.8909090909091,1.0154545454545454,1.0966418147581953,4304010.430045828,4.303159e+06,0.4909090909090909,1.7272727272727273,0.028693398546615054,38.74545454545454,97
Laz,ZETA DIVISION,32,193.09756097560975,1.0217073170731708,1.1481523375337637,4279159.042798933,4.2827805e+06,0.4268292682926829,1.9878048780487805,0.028527722569262972,29.0,98
Anthem,DetonatioN FocusMe,23,171.40740740740742,0.8624074074074074,0.8237538613936103,4273316.077233536,4.27285e+06,0.18518518518518517,1.1111111111111112,0.0284887704397957,25.90740740740741,99
yoman,Gen.G,10,165.57692307692307,0.9369230769230769,1.0375813035413666,4272279.840851219,4.269109e+06,0.46153846153846156,1.3846153846153846,0.028481861705545914,30.0,100
Kr1stal,Global Esports,19,187.41304347826087,1.0239130434782608,1.0584602190185042,4264998.585157322,4.2683845e+06,0.391304347826087,1.4782608695652173,0.028433319794875858,28.065217391304348,101
Zellsis,Sentinels,86,181.00884955752213,0.9773451327433628,1.0184981439059955,4256005.987964353,4.2552395e+06,0.584070796460177,1.4557522123893805,0.028373369274921668,21.097345132743364,102
Karon,Gen.G,68,199.63101604278074,1.109946524064171,1.2151229544874032,4252068.280069005,4.2514945e+06,0.6096256684491979,1.6203208556149733,0.028347117298981036,32.81818181818182,103
Meiy,DetonatioN FocusMe,34,240.1625,1.0805,1.157198875578326,4245955.54673208,4.2456205e+06,0.35,3.3625,0.028306365402332223,27.825,104
Minny,Gentle Mates,23,201.90322580645162,1.0601612903225808,1.1554994067846112,4232903.355661087,4.235305e+06,0.46774193548387094,2.1774193548387095,0.028219351189354317,36.82258064516129,105
MaKo,DRX,88,201.23175965665237,1.0957081545064378,1.1761528923049471,4230577.225986457,4.232222e+06,0.5793991416309013,1.7639484978540771,0.028203843669161406,27.472103004291846,106
SyouTa,ZETA DIVISION,11,162.34615384615384,0.7823076923076923,0.8228685583025902,4233512.109864095,4.229736e+06,0.34615384615384615,1.7692307692307692,0.028223410576351752,38.73076923076923,107
N4RRATE,Sentinels,58,217.8724832214765,1.093758389261745,1.161658846447705,4215003.528888673,4.2168365e+06,0.5234899328859061,2.174496644295302,0.02810001885021692,25.375838926174495,108
Mistic,Team Liquid,14,175.09375,0.8853125000000001,0.9069721005044148,4212416.814719896,4.2136545e+06,0.40625,1.28125,0.02808277512876887,32.09375,109
Newzera,Karmine Corp,6,130.30769230769232,0.7576923076923077,0.7215952143434877,4210463.872547161,4.2085475e+06,0.3076923076923077,0.9230769230769231,0.028069756330625896,39.69230769230769,110
Derrek,Evil Geniuses,42,188.5686274509804,0.9869607843137255,0.9668616091376062,4206943.60591497,4.2055205e+06,0.45098039215686275,1.2745098039215685,0.028046286709078785,33.05882352941177,111
free1ng,DRX,37,189.70833333333334,0.9970833333333333,1.1487288333638468,4198420.372971493,4.1992385e+06,0.5833333333333334,2.1458333333333335,0.02798946477720118,32.395833333333336,112
DubsteP,Team Secret,18,196.24444444444444,0.9644444444444444,1.0666257194817566,4175750.515479632,4.1755678e+06,0.5111111111111111,2.8222222222222224,0.027838332529408042,26.8,113
RedLight,Douyu Gaming,5,171.3,0.843,0.7991658066735466,4167609.8907733746,4.1614495e+06,0.4,2.4,0.027784062342885874,23.2,114
sScary,BLEED,15,201.97368421052633,1.081842105263158,1.0472736156172688,4162497.491752173,4.1610745e+06,0.23684210526315788,1.6578947368421053,0.02774997898385264,25.68421052631579,115
NagZ,KRÜ Esports,19,166.16326530612244,0.9183673469387755,0.9566345468379965,4144820.0912494026,4.1481215e+06,0.3673469387755102,1.510204081632653,0.027632130249149598,22.510204081632654,116
nAts,Team Liquid,78,214.7860696517413,1.0712437810945272,1.2072231897321601,4114335.2245909045,4.1123338e+06,0.5323383084577115,2.054726368159204,0.027428896750740554,28.223880597014926,117
Xeppaa,Cloud9,58,199.39583333333334,1.0081944444444444,1.0593335027008595,4106668.2161809397,4.111649e+06,0.5277777777777778,1.4791666666666667,0.027377783922308198,25.166666666666668,118
Kess,100 Thieves,8,173.05555555555554,0.8916666666666667,0.9902627646500197,4093753.040571813,4.0927885e+06,0.5,1.5,0.027291683088784536,30.0,119
SouhcNi,BBL Esports,11,165.53571428571428,0.8657142857142857,0.8429452559967265,4085527.7610046295,4.0861715e+06,0.35714285714285715,1.7142857142857142,0.027236848296630905,28.857142857142858,120
nukkye,Giants Gaming,21,206.72,1.0952,1.1718083731713762,4073092.629826691,4.072759e+06,0.54,1.74,0.027153946295250645,23.7,121
JessieVash,Team Secret,46,185.61206896551724,0.9674137931034482,0.9897577142396055,4066788.949192707,4.0664232e+06,0.46551724137931033,1.4051724137931034,0.027111922357909077,26.95689655172414,122
crazyguy,Rex Regum Qeon,36,170.41346153846155,0.8841346153846155,0.8721866600266412,4057450.2619789774,4.0581172e+06,0.4519230769230769,1.3557692307692308,0.027049664842177554,27.53846153846154,123
margaret,Nongshim RedForce,11,194.06666666666666,1.0086666666666666,1.1155702368666767,4050820.6447407273,4.05158e+06,0.5333333333333333,2.6,0.02700546656496313,29.733333333333334,124
k1Ng,Gen.G,17,208.46511627906978,1.0472093023255815,1.1476460120386969,4051352.2616204764,4.0509395e+06,0.4186046511627907,1.8372093023255813,0.027009010562150833,26.74418604651163,125
Caedye,DetonatioN FocusMe,7,199.0,0.858125,0.893436745787752,4046002.142990451,4.0450188e+06,0.5,2.1875,0.026973343685300206,33.6875,126
Monyet,Rex Regum Qeon,60,201.1987951807229,0.984578313253012,1.0172404865917775,4022801.3847947796,4.0239625e+06,0.4819277108433735,2.325301204819277,0.026818671721898165,28.46987951807229,127
grubinho,GIANTX,43,186.62616822429908,0.9842990654205608,0.9991073545694361,4011932.4003391843,4.009983e+06,0.4205607476635514,1.897196261682243,0.02674621198054246,31.457943925233646,128
Flashback,DRX,42,208.42342342342343,1.0491891891891891,1.1989053983636027,4005386.5552555914,4.006044e+06,0.5855855855855856,2.4324324324324325,0.026702572346333282,28.666666666666668,129
Melser,KRÜ Esports,56,178.92361111111111,0.9719444444444445,1.0490415756306817,4004185.776928045,4.0052515e+06,0.4513888888888889,1.6319444444444444,0.026694567851933974,30.65972222222222,130
blaZek1ng,Global Esports,13,189.83870967741936,0.9696774193548386,0.9726878409715721,3999451.399912341,4.0006862e+06,0.3548387096774194,1.7741935483870968,0.026663005281019253,33.12903225806452,131
Elite,Karmine Corp,25,190.65625,1.0446875,1.2866682390295248,3999489.0256977556,3.9978735e+06,0.4375,1.59375,0.026663255629842442,41.28125,132
Turko,BBL Esports,11,165.53571428571428,0.9524999999999999,0.934775839240125,3989338.8948332197,3.9871135e+06,0.35714285714285715,1.1071428571428572,0.02659558894848205,31.464285714285715,133
dephh,Sentinels,8,150.42105263157896,0.7300000000000001,0.6829746803899485,3973116.4442160763,3.975454e+06,0.3157894736842105,1.0,0.026487439922342967,22.263157894736842,134
RieNs,Team Heretics,73,208.05820105820106,1.0847619047619048,1.1653276087150362,3970634.678379998,3.9712322e+06,0.5978835978835979,1.6455026455026456,0.02647089330345585,36.91005291005291,135
marteen,Karmine Corp,47,229.79032258064515,1.1239516129032259,1.2292012327193536,3959774.7505477797,3.9585902e+06,0.5241935483870968,3.6048387096774195,0.026398493359189017,30.846774193548388,136
neT,Cloud9,24,174.70689655172413,0.9039655172413793,0.9899532097707875,3957067.189634538,3.9551695e+06,0.5172413793103449,1.6379310344827587,0.02638044408482719,34.63793103448276,137
vanity,Cloud9,17,174.06976744186048,0.8918604651162791,0.9004888927921543,3953339.7408403484,3.9501785e+06,0.4418604651162791,1.7209302325581395,0.0263555945411621,21.162790697674417,138
nos,Weibo Gaming,7,171.125,0.99625,0.9460663696683433,3947173.1890499503,3.9480635e+06,0.5,1.875,0.026314484126984127,30.25,139
sh1n,Karmine Corp,37,172.13483146067415,0.9347191011235955,0.9693093446325353,3907921.905755992,3.90522e+06,0.42696629213483145,1.4382022471910112,0.026052808944577614,30.640449438202246,140
runneR,Team Vitality,30,195.73417721518987,0.9270886075949366,0.9621450281096621,3899810.134901412,3.9020448e+06,0.4810126582278481,2.392405063291139,0.025998730198029986,21.265822784810126,141
leaf,G2 Esports,93,222.599173553719,1.0866528925619836,1.2056553730972484,3892842.680973147,3.8926425e+06,0.6239669421487604,2.7975206611570247,0.02595227974080978,23.570247933884296,142
ceNder,Team Vitality,36,181.5,0.9341304347826087,0.9453758889832891,3877949.2747516963,3.8786495e+06,0.4782608695652174,1.7173913043478262,0.025852991297843873,28.032608695652176,143
Jinboong,DetonatioN FocusMe,15,172.73529411764707,0.898235294117647,1.1586230676787952,3880947.5649575097,3.8746468e+06,0.35294117647058826,1.411764705882353,0.02587297977071163,32.911764705882355,144
nzr,LEVIATÁN,34,187.71264367816093,1.0388505747126435,1.0807288373023205,3869039.2302540625,3.866705e+06,0.45977011494252873,0.9425287356321839,0.025793590783077466,22.839080459770116,145
Retla,BLEED,10,174.1153846153846,0.8903846153846153,0.936875866089667,3864863.769435917,3.8653938e+06,0.2692307692307692,1.0769230769230769,0.025765754713123132,26.923076923076923,146
Crws,TALON,55,167.28571428571428,0.8612030075187971,0.8860469637049329,3861693.00722974,3.8630672e+06,0.47368421052631576,1.330827067669173,0.025744616513405663,24.526315789473685,147
Russ,Global Esports,13,181.3548387096774,0.8961290322580645,0.9176293940587859,3853872.423010741,3.8525192e+06,0.3548387096774194,1.8709677419354838,0.025692479030856533,37.32258064516129,148
Sylvan,T1,34,181.1375,0.9553750000000001,0.9419437891936925,3848315.517560306,3.8482512e+06,0.5,1.4875,0.02565543293976629,26.3375,149
s0m,NRG,55,204.19014084507043,1.088380281690141,1.2050622659818586,3848240.0462163687,3.8471652e+06,0.5492957746478874,1.795774647887324,0.025654929042360577,27.077464788732396,150
pryze,2Game Esports,12,170.31034482758622,0.8548275862068965,0.8244158450294352,3844933.539054628,3.8459958e+06,0.20689655172413793,0.7586206896551724,0.025632886872855122,24.448275862068964,151
MrFaliN,FUT Esports,70,185.4060606060606,0.9847878787878789,0.9697233797100108,3834359.025887192,3.8351825e+06,0.4727272727272727,1.5757575757575757,0.02556238959966979,24.23030303030303,152
xenom,MIBR,28,172.67142857142858,0.9665714285714285,1.0231555429509394,3823773.860904759,3.8225998e+06,0.5285714285714286,1.3,0.02549182184275352,31.557142857142857,153
kiNgg,LEVIATÁN,69,205.67222222222222,1.1015000000000001,1.2199197077002804,3818233.852976275,3.8204255e+06,0.5333333333333333,1.9333333333333333,0.025454887726054774,29.68888888888889,154
Xdll,ZETA DIVISION,16,184.39473684210526,0.893421052631579,0.9302482432992489,3818502.6046358496,3.8157668e+06,0.3684210526315789,1.894736842105263,0.025456680131195366,33.68421052631579,155
ara,GIANTX,23,207.3,0.9983333333333333,1.140945520194746,3806687.8808066873,3.806369e+06,0.5166666666666667,3.716666666666667,0.02537791466247517,28.066666666666666,156
Boaster,FNATIC,97,154.6771653543307,0.8928346456692914,0.9035948291605786,3802953.1035394524,3.8038905e+06,0.6496062992125984,1.4448818897637796,0.025353017215151985,24.212598425196852,157
benjyfishy,Team Heretics,74,194.421875,1.01140625,1.173830258717425,3799781.610950935,3.8004108e+06,0.59375,1.7552083333333333,0.025331873032383174,35.40625,158
xavi8k,Global Esports,6,193.375,1.0375,1.0748376623376623,3787879.4283142285,3.7846678e+06,0.5625,1.4375,0.025252525252525252,24.5,159
Sacy,Sentinels,45,185.9561403508772,0.9841228070175438,0.9803252495251165,3780197.8646985157,3.781731e+06,0.543859649122807,1.4385964912280702,0.025201315124650774,27.964912280701753,160
qRaxs,FUT Esports,67,187.93312101910828,0.966624203821656,1.0006400546552803,3772226.491398597,3.772003e+06,0.4840764331210191,1.3184713375796178,0.02514817263780485,29.477707006369428,161
Mixwell,Team Heretics,11,190.57692307692307,0.8361538461538462,0.8075402837682547,3771260.9943766566,3.7698655e+06,0.3076923076923077,1.9615384615384615,0.02514173628304063,21.26923076923077,162
PAULTATO,Dragon Ranger Gaming,6,183.0,0.8506666666666667,0.9788566825331532,3750000.5579729844,3.7609992e+06,0.5333333333333333,1.2666666666666666,0.025,23.833333333333332,163
Estrella,Rex Regum Qeon,30,164.37333333333333,0.9152,0.9480056359959744,3722166.108605818,3.723796e+06,0.5466666666666666,1.2,0.0248144370971804,28.586666666666666,164
Ruxic,Natus Vincere,24,224.19672131147541,1.1344262295081968,1.260200219378804,3725133.057760348,3.7217928e+06,0.47540983606557374,2.3934426229508197,0.02483421547129016,30.24590163934426,165
stax,T1,82,173.08256880733944,0.9536238532110093,0.9864571470197128,3720933.256700399,3.7214685e+06,0.5688073394495413,1.036697247706422,0.024806217937817877,29.238532110091743,166
valyn,G2 Esports,83,197.7803738317757,1.0695794392523366,1.1146795866101948,3694137.6832290236,3.692801e+06,0.6355140186915887,1.7897196261682242,0.024627580167367723,24.593457943925234,167
Munchkin,Gen.G,94,196.44,1.0400399999999999,1.0990237985268945,3686731.998856461,3.6881965e+06,0.596,1.896,0.024578209024190986,23.184,168
Flickless,GIANTX,23,185.85,0.9738333333333333,0.9801113660304837,3688774.8397326623,3.6880672e+06,0.5166666666666667,1.5,0.024591828316336998,27.283333333333335,169
signed,Royal Never Give Up,5,184.07692307692307,1.1376923076923078,1.0875387641254515,3666066.970354771,3.668545e+06,0.5384615384615384,0.9615384615384616,0.02444044250064317,23.076923076923077,170
PatMen,Paper Rex,34,189.5977011494253,1.0001149425287357,1.106130830576491,3666293.061068997,3.662769e+06,0.6781609195402298,1.4137931034482758,0.024441949564430892,31.32183908045977,171
XJian,Gank Gaming,5,172.15384615384616,0.9384615384615385,0.8930474754004165,3653846.7060531173,3.6527685e+06,0.46153846153846156,1.3846153846153846,0.02435897435897436,23.923076923076923,172
diseased,Gank Gaming,5,201.0,1.1315384615384614,1.1204005925010927,3648731.967382915,3.650299e+06,0.46153846153846156,1.5384615384615385,0.024324875331067284,24.53846153846154,173
Boo,Team Heretics,84,166.26976744186047,0.9319767441860465,0.953980275410544,3643585.6517647244,3.6430795e+06,0.5627906976744186,1.4930232558139536,0.02429056729948975,33.032558139534885,174
d4v41,Paper Rex,104,196.0326086956522,1.0646014492753622,1.1785273850520686,3637955.850796427,3.637335e+06,0.6231884057971014,1.4891304347826086,0.024253034561024473,27.91304347826087,175
Benkai,Global Esports,18,173.8,0.9262499999999999,0.9325319839474251,3631477.3286222788,3.62979e+06,0.375,0.975,0.024209845265337253,24.4,176
Cyah,Monarch Effect,7,177.42105263157896,1.0547368421052632,0.9324921866737901,3597061.3884584834,3.5912368e+06,0.47368421052631576,1.5,0.023980405559352925,39.078947368421055,177
OLIZERA,Apeks,5,194.5,0.9064285714285714,0.9373211801589731,3591913.0816817074,3.591236e+06,0.2857142857142857,2.0714285714285716,0.023946083156609472,28.642857142857142,178
something,Paper Rex,96,211.50787401574803,1.0764566929133859,1.2262331906028188,3581459.0165704195,3.5797748e+06,0.6299212598425197,3.3188976377952755,0.02387638872123423,26.169291338582678,179
AtaKaptan,FUT Esports,62,188.23776223776224,0.9716083916083916,0.996783720748115,3571740.2003303124,3.5730298e+06,0.5034965034965035,1.5804195804195804,0.023811597395617022,28.79020979020979,180
UNFAKE,Team Vitality,12,167.60714285714286,0.8907142857142858,0.9933253822323923,3569434.0095056514,3.5699398e+06,0.42857142857142855,1.3214285714285714,0.023796223034668412,37.142857142857146,181
Rb,DRX,68,195.58757062146893,1.0083898305084744,1.0803511186096326,3563269.0729895253,3.559462e+06,0.5423728813559322,1.8983050847457628,0.023755122943784075,26.09039548022599,182
Twisten,Team Vitality,13,226.5483870967742,1.058064516129032,1.2048739562034778,3549966.872069387,3.5530182e+06,0.41935483870967744,3.5806451612903225,0.023666440948430883,23.70967741935484,183
keloqz,Team Heretics,11,197.73076923076923,0.8388461538461538,0.9259080453430298,3548214.5003669295,3.5475315e+06,0.3076923076923077,3.269230769230769,0.023654759398906558,26.653846153846153,184
zekken,Sentinels,80,238.66046511627906,1.0984186046511628,1.1986285511919312,3543734.8599828104,3.5433532e+06,0.5395348837209303,4.051162790697674,0.023624894088194726,24.930232558139537,185
invy,Team Secret,62,205.5527950310559,1.0991304347826087,1.1319603621694367,3541053.8362899018,3.5392888e+06,0.5031055900621118,1.515527950310559,0.02360702109391357,31.4472049689441,186
Shiro,BOOM Esports,14,185.21212121212122,0.9009090909090909,0.9004210873405919,3532723.901752163,3.5366962e+06,0.3939393939393939,2.242424242424242,0.023551488768880073,25.303030303030305,187
ZE1SH,Karmine Corp,8,133.94736842105263,0.6852631578947368,0.6794714543960919,3515621.4590976215,3.5199935e+06,0.2631578947368421,0.9473684210526315,0.02343747357597773,27.526315789473685,188
Kushy,Rex Regum Qeon,34,185.29,0.9740000000000001,1.0218323455869895,3520153.538218722,3.5197705e+06,0.49,1.36,0.02346768622076537,33.84,189
pAura,BBL Esports,12,167.32142857142858,0.875,0.8479754834396033,3515866.0073692463,3.5135748e+06,0.39285714285714285,2.0714285714285716,0.023439103122006033,32.5,190
TENNN,ZETA DIVISION,17,201.7325581395349,0.9056976744186046,0.9666245158050724,3507297.912963602,3.5064295e+06,0.4418604651162791,2.697674418604651,0.02338198199248702,23.75581395348837,191
zander,100 Thieves,19,188.0,0.9557777777777777,1.0287380172287293,3498898.872892891,3.4972268e+06,0.5111111111111111,2.1555555555555554,0.023325988368614114,24.666666666666668,192
kamyk,Team Liquid,23,198.15873015873015,1.0166666666666666,1.0798615356220205,3494381.8064787495,3.4947905e+06,0.4603174603174603,1.6666666666666667,0.02329587436937013,29.88888888888889,193
Ethan,NRG,80,191.27403846153845,1.0309134615384616,1.0534582976635771,3485283.1898286226,3.485313e+06,0.5625,1.5673076923076923,0.02323521712476737,22.240384615384617,194
Medusa,DetonatioN FocusMe,12,183.13333333333333,0.8826666666666667,0.9125441851177146,3471583.8642494446,3.4727555e+06,0.26666666666666666,2.0,0.023143888649003738,31.533333333333335,195
Timotino,100 Thieves,8,218.7,0.925,1.0103776490313205,3472191.517950274,3.4698048e+06,0.55,4.25,0.023147939017504233,30.35,196
xms,Karmine Corp,14,165.8125,0.8775000000000001,0.8817134015103965,3460115.659542107,3.4601902e+06,0.28125,1.25,0.023067434210526316,30.59375,197
Victor,NRG,39,215.23958333333334,1.0383333333333333,1.1752126185994936,3460231.4741038866,3.4599678e+06,0.5520833333333334,2.84375,0.0230682051315296,23.28125,198
SkRossi,Global Esports,9,196.23529411764707,0.8773529411764707,0.9506272446265162,3457045.460551385,3.4545405e+06,0.47058823529411764,2.411764705882353,0.023046965821901882,23.970588235294116,199
starxo,KOI,38,181.67021276595744,0.9503191489361702,0.9640806759038788,3438388.555599761,3.4376665e+06,0.425531914893617,1.4680851063829787,0.02292258650515754,23.4468085106383,200
Sayf,Team Vitality,57,219.4625850340136,1.0954761904761905,1.2333527522442929,3407132.1877866155,3.4107158e+06,0.5170068027210885,2.748299319727891,0.022714209762089554,26.132653061224488,201
Wild0reoo,Team Secret,17,180.22222222222223,0.8686666666666666,0.892564905949839,3407259.5212232475,3.4086088e+06,0.4,1.7555555555555555,0.022715059718469776,31.488888888888887,202
lukxo,LOUD,11,233.75862068965517,1.1086206896551725,1.2132576576715575,3382154.2867143494,3.381902e+06,0.27586206896551724,3.2413793103448274,0.022547690217144964,32.48275862068966,203
aspas,MIBR,90,239.27235772357724,1.1979268292682927,1.4492028948036675,3360443.6146197757,3.3608162e+06,0.5853658536585366,3.796747967479675,0.022402951972265047,27.134146341463413,204
cortezia,MIBR,32,190.89743589743588,0.9502564102564103,1.0822962834562817,3354294.872929805,3.356466e+06,0.5,1.9487179487179487,0.022361961555105368,35.03846153846154,205
keznit,KRÜ Esports,60,238.69677419354838,1.0978709677419354,1.1939498672538222,3343482.6801965046,3.345158e+06,0.45161290322580644,3.7548387096774194,0.022289879538141582,25.12258064516129,206
Lakia,Gen.G,43,170.41463414634146,0.8904878048780488,0.9377700129475882,3333104.830679779,3.3321972e+06,0.6260162601626016,1.4146341463414633,0.022220695206464556,26.666666666666668,207
nerve,FURIA,6,168.6315789473684,0.8978947368421052,0.8860448108370546,3330485.84923709,3.3294142e+06,0.5789473684210527,1.0526315789473684,0.0222032353611301,23.894736842105264,208
Chronicle,FNATIC,96,208.34274193548387,1.1173790322580646,1.2385430965704736,3317449.2289189524,3.31892e+06,0.6532258064516129,1.9314516129032258,0.0221163234595026,25.237903225806452,209
JitBoyS,TALON,57,189.81294964028777,0.9795683453237409,1.0507197279077916,3317533.7769449567,3.3181472e+06,0.48201438848920863,1.7410071942446044,0.02211688771019984,35.76978417266187,210
Apoth,Evil Geniuses,12,172.0,0.8233333333333334,0.8600203836697645,3297713.6834456837,3.296717e+06,0.43333333333333335,1.8666666666666667,0.021984754376058725,35.06666666666667,211
Foxy9,DRX,59,193.24666666666667,0.9806666666666666,1.1155344055955512,3299153.9705591872,3.296041e+06,0.6133333333333333,2.2066666666666666,0.021994355497182257,31.69333333333333,212
xeta,T1,21,191.82692307692307,1.0438461538461539,1.0540314077510433,3287299.9375550193,3.2870938e+06,0.4807692307692308,1.25,0.021915328701105852,22.826923076923077,213
Redgar,Team Liquid,30,161.32467532467533,0.8240259740259741,0.8544846324338503,3272231.209090074,3.270701e+06,0.4805194805194805,2.064935064935065,0.021814871232201615,35.51298701298701,214
t3xture,Gen.G,80,233.56807511737088,1.0969953051643193,1.2524504457560646,3261720.16188537,3.259925e+06,0.5821596244131455,3.9014084507042255,0.021744796062598486,26.76525821596244,215
FFs,Monarch Effect,7,192.52631578947367,0.9252631578947368,0.993850304703841,3242481.7927524587,3.2406615e+06,0.47368421052631576,1.736842105263158,0.021616541353383457,19.236842105263158,216
Wo0t,Team Heretics,64,214.25301204819277,1.054698795180723,1.164724284117911,3240683.760662725,3.2406002e+06,0.608433734939759,2.746987951807229,0.021604553800395318,34.05421686746988,217
xccurate,T1,20,186.92,0.9494,1.0202364555808827,3238189.9449571003,3.2348642e+06,0.44,1.56,0.021587928979233326,26.74,218
Sayaplayer,T1,40,221.1980198019802,1.0634653465346535,1.1831711432123717,3223388.7318069334,3.2216755e+06,0.45544554455445546,3.8316831683168315,0.021489253445202104,26.826732673267326,219
Cryocells,100 Thieves,63,226.39354838709679,1.1243225806451613,1.2887279724835903,3219693.200903447,3.219251e+06,0.5096774193548387,3.1032258064516127,0.02146461633350417,26.348387096774193,220
Alfajer,FNATIC,94,224.32926829268294,1.1291056910569106,1.3135928876847092,3197319.9748549582,3.1976435e+06,0.6463414634146342,2.7357723577235773,0.021315461443634158,31.056910569105693,221
bao,Evil Geniuses,5,188.45454545454547,0.9372727272727274,0.9420390067448892,3192641.282234399,3.195103e+06,0.45454545454545453,1.5454545454545454,0.021284271284271284,28.727272727272727,222
bang,100 Thieves,75,195.26288659793815,1.0421134020618557,1.1303399511210863,3192550.061638513,3.1923842e+06,0.5309278350515464,1.8298969072164948,0.02128366269701494,33.70103092783505,223
tomaszy,Karmine Corp,29,180.26027397260273,0.9127397260273972,0.9646409425921915,3188880.933366467,3.1902772e+06,0.4657534246575342,1.643835616438356,0.021259202337888788,33.43835616438356,224
Nivera,Karmine Corp,14,209.625,1.023125,1.1106035037427742,3181738.559369548,3.1782975e+06,0.28125,3.0625,0.021211585817564077,30.59375,225
cxyy,Night Wings Gaming,5,173.91666666666666,0.9075000000000001,0.8316753507929978,3172349.0268947612,3.1733278e+06,0.4166666666666667,2.1666666666666665,0.0211489898989899,29.333333333333332,226
neth,DetonatioN FocusMe,12,166.6,0.8416666666666667,0.8109552538964304,3144598.6512797046,3.1439612e+06,0.26666666666666666,0.9666666666666667,0.020963987703118137,26.433333333333334,227
kon4n,FURIA,8,161.8421052631579,0.7726315789473684,0.7517120564334187,3133996.9103814447,3.134539e+06,0.15789473684210525,1.2105263157894737,0.02089330947690081,23.894736842105264,228
qw1,FUT Esports,24,220.56363636363636,1.0267272727272727,1.238814075657588,3131385.2587496983,3.131501e+06,0.509090909090909,4.054545454545455,0.020875896900735064,25.70909090909091,229
JonahP,G2 Esports,71,185.5891891891892,0.9954054054054055,1.0160283185747583,3092124.3202257436,3.0910425e+06,0.6270270270270271,1.545945945945946,0.020614158151848284,24.25945945945946,230
BABYBAY,G2 Esports,19,193.65217391304347,0.9991304347826088,1.1486334887499243,3080418.800040073,3.08027e+06,0.717391304347826,2.5652173913043477,0.020536120973595733,21.347826086956523,231
Lar0k,BBL Esports,7,224.45,1.0755000000000001,1.1793292981528274,3074376.9996246016,3.0683378e+06,0.6,3.4,0.020495841877420824,30.6,232
7-Sep,Shenzhen NTER,6,172.92307692307693,0.8984615384615384,1.3874135754166714,3043478.9073718563,3.0436982e+06,0.46153846153846156,2.3846153846153846,0.020289855072463767,22.307692307692307,233
hoody,Giants Gaming,31,193.09333333333333,1.0001333333333333,1.0169534184998583,3024299.526723843,3.0241555e+06,0.49333333333333335,1.8933333333333333,0.020161992726267862,25.733333333333334,234
artzin,MIBR,49,192.54098360655738,0.8929508196721311,0.9461961235402545,3012604.267579659,3.0117955e+06,0.47540983606557374,2.3852459016393444,0.02008402449609262,24.827868852459016,235
heat,KRÜ Esports,39,193.11340206185568,0.965360824742268,1.0127369432961513,2992688.9968456877,2.993723e+06,0.35051546391752575,1.8144329896907216,0.019951255966218228,32.97938144329897,236
keiko,Team Liquid,61,218.28301886792454,1.1233333333333333,1.2540192028994834,2992564.281122933,2.991821e+06,0.5408805031446541,2.547169811320755,0.019950423665816175,36.742138364779876,237
BONECOLD,Team Vitality,13,168.06451612903226,0.8635483870967742,0.8253851230219451,2990873.59515076,2.9916165e+06,0.41935483870967744,1.7096774193548387,0.019939153880247848,29.580645161290324,238
Veqaj,FNATIC,12,211.7058823529412,1.041470588235294,1.0976343471462857,2967522.099521455,2.9744848e+06,0.4117647058823529,1.9411764705882353,0.01978347623311121,31.764705882352942,239
Demon1,Evil Geniuses,48,218.54166666666666,1.0963333333333334,1.2519861619534776,2970396.056901494,2.9708608e+06,0.5416666666666666,2.9833333333333334,0.01980263549796798,36.44166666666667,240
Dambi,Nongshim RedForce,27,226.94366197183098,1.0359154929577465,1.1366794261858144,2966989.269274019,2.9663752e+06,0.6197183098591549,3.8309859154929575,0.019779923697289786,22.211267605633804,241
tex,LEVIATÁN,51,185.2357142857143,0.907,1.0182599402490562,2958710.849076496,2.9584855e+06,0.5428571428571428,2.1,0.019724734978350155,33.57142857142857,242
murizzz,MIBR,11,175.92307692307693,0.8476923076923076,0.843649217082462,2915626.5794342095,2.9181878e+06,0.2692307692307692,1.4230769230769231,0.019437506937506937,25.615384615384617,243
TenZ,Sentinels,42,210.19811320754718,1.068867924528302,1.129121951495306,2917686.9878713437,2.9171778e+06,0.5660377358490566,2.339622641509434,0.019451242042575218,26.0,244
vora,100 Thieves,8,193.85,1.012,1.0653209980164315,2917464.7460110714,2.9167395e+06,0.55,1.5,0.019449760765550238,30.5,245
Asuna,100 Thieves,63,204.78064516129032,1.0011290322580646,1.0486243673974147,2907417.855220635,2.90709e+06,0.5096774193548387,2.567741935483871,0.01938278145817041,21.129032258064516,246
saadhak,LOUD,62,186.4294117647059,0.9102941176470588,0.9191849459737921,2906718.9435205045,2.9063578e+06,0.5470588235294118,2.070588235294118,0.019378122450511657,22.394117647058824,247
stellar,100 Thieves,14,180.69444444444446,0.9141666666666666,0.9459890627041039,2906156.2417108957,2.9048738e+06,0.4722222222222222,1.5555555555555556,0.019374371090057366,20.88888888888889,248
havoc,FURIA,19,188.37209302325581,0.7797674418604651,0.8213935464340462,2896880.2280498766,2.899469e+06,0.23255813953488372,3.1627906976744184,0.019312531214036,35.18604651162791,249
rhyme,Giants Gaming,19,168.0,0.8661363636363636,0.8823958030195717,2897642.6541702715,2.8969495e+06,0.5681818181818182,1.3636363636363635,0.019317614203977842,31.181818181818183,250
ban,TALON,49,189.46521739130435,0.9111739130434783,0.9604483272441392,2877360.7428077194,2.8766012e+06,0.43478260869565216,2.3043478260869565,0.019182400929315196,30.391304347826086,251
Jemkin,Rex Regum Qeon,47,233.97727272727272,1.1345454545454545,1.3055830416457344,2869670.504200623,2.8679328e+06,0.49242424242424243,3.946969696969697,0.01913113153178193,33.946969696969695,252
FiNESSE,NRG,39,165.85714285714286,0.8354081632653062,0.8304373603651324,2867430.0574976886,2.8659282e+06,0.5,1.5816326530612246,0.01911619687191014,18.775510204081634,253
ardiis,NRG,41,215.5631067961165,1.04,1.1254032396077545,2860469.957069886,2.862285e+06,0.5242718446601942,3.5533980582524274,0.019069795087324135,20.553398058252426,254
brawk,NRG,35,200.68478260869566,1.091304347826087,1.3842159562760417,2853233.142630008,2.8559352e+06,0.5869565217391305,1.2717391304347827,0.01902154950990083,20.652173913043477,255
soulcas,Team Liquid,27,170.8235294117647,0.9322058823529412,0.9617449187000499,2823009.9074945487,2.8224632e+06,0.4411764705882353,1.25,0.018820062259833764,34.779411764705884,256
GLYPH,Gentle Mates,9,163.8,0.9224000000000001,0.9102767447550729,2804348.378737814,2.8034958e+06,0.64,1.28,0.018695652173913044,22.68,257
flyuh,Movistar KOI(KOI),12,183.90322580645162,0.8248387096774193,0.8344517910931574,2795127.79821761,2.7933452e+06,0.2903225806451613,1.6129032258064515,0.018634181740893017,26.580645161290324,258
Proxh,Gentle Mates,5,161.71428571428572,0.8378571428571429,0.7936415901779679,2793040.7841475727,2.7928428e+06,0.2857142857142857,1.1428571428571428,0.018620268620268617,27.142857142857142,259
eKo,Gen.G,16,179.80769230769232,0.8999999999999999,0.914429753220239,2792584.157070901,2.7915478e+06,0.34615384615384615,1.9615384615384615,0.018617223924129293,22.03846153846154,260
BuZz,DRX,91,228.46311475409837,1.0467622950819673,1.1643289496178457,2772136.5748725776,2.772959e+06,0.5614754098360656,3.4549180327868854,0.018480905716296927,22.241803278688526,261
Cloud,GIANTX,60,202.5496688741722,1.0237086092715233,1.0744265494201979,2769999.014414413,2.7698055e+06,0.48344370860927155,1.8741721854304636,0.018466655752988444,28.728476821192054,262
UdoTan,Global Esports,19,217.7608695652174,1.006304347826087,1.0890911209778735,2759173.2176083415,2.7563242e+06,0.391304347826087,2.717391304347826,0.018394483588245403,28.652173913043477,263
Francis,Nongshim RedForce,27,208.56338028169014,1.0491549295774647,1.1320979836698595,2755500.351027029,2.7533178e+06,0.6197183098591549,2.295774647887324,0.018369997826339458,24.788732394366196,264
Boostio,100 Thieves,63,186.87577639751552,0.8946583850931676,0.9686408554821038,2741985.1309277387,2.742704e+06,0.5527950310559007,2.0869565217391304,0.018279896942028893,25.161490683229815,265
cgrs,Paper Rex,8,163.55555555555554,0.855,0.8768809712437163,2744076.6056105127,2.7418352e+06,0.5555555555555556,1.2222222222222223,0.018293840662261713,21.27777777777778,266
yay,Evil Geniuses,27,205.52380952380952,0.9315873015873015,0.987703055594251,2720289.9569260096,2.7195798e+06,0.4126984126984127,3.4444444444444446,0.018135262161728585,29.46031746031746,267
jawgemo,G2 Esports,91,219.35864978902953,1.0132489451476792,1.0876359552376693,2718576.970656681,2.7168705e+06,0.620253164556962,3.2151898734177213,0.01812384192202165,22.535864978902953,268
Dep,ZETA DIVISION,42,228.6904761904762,1.0177142857142858,1.1026898502862872,2700600.966731211,2.699602e+06,0.4095238095238095,3.5904761904761906,0.018004001769265313,28.0,269
Chaos,Monarch Effect,7,236.78947368421052,1.1776315789473684,1.1395865131464773,2687247.6801653043,2.6867185e+06,0.47368421052631576,4.552631578947368,0.01791497975708502,25.31578947368421,270
Xiaonuo,Royal Never Give Up,5,175.23076923076923,0.9542307692307693,0.9429670819376702,2677786.1765321153,2.675667e+06,0.5384615384615384,1.1538461538461537,0.017851904007510414,28.26923076923077,271
NDG,Team Secret,12,183.48275862068965,0.9458620689655173,1.0192091671954489,2656180.6436671033,2.6553732e+06,0.5172413793103449,1.6551724137931034,0.01770786684579788,23.17241379310345,272
Zcc,Royal Never Give Up,5,165.46153846153845,0.9765384615384616,0.9782796263565494,2656883.13877239,2.6551665e+06,0.5384615384615384,2.076923076923077,0.01771255060728745,19.807692307692307,273
thyy,TALON,22,194.3272727272727,0.9461818181818181,1.0235134398390802,2652645.5861436157,2.6516858e+06,0.4909090909090909,2.1636363636363636,0.017684299728194047,31.327272727272728,274
lovers rock,BBL Esports,7,229.3,1.0939999999999999,1.253165461279272,2637909.8634024127,2.6383585e+06,0.6,3.45,0.017586060740085507,21.45,275
Hermes,DRX,6,172.875,0.8475,0.8994882965761448,2637987.571328329,2.6359498e+06,0.5,2.5,0.017586580086580088,27.3125,276
carpe,T1,42,175.1090909090909,0.9067272727272727,0.9254583096641921,2628447.610959113,2.627677e+06,0.45454545454545453,1.4272727272727272,0.017522980337434442,27.245454545454546,277
Jremy,Team Secret,42,221.29245283018867,1.0024528301886793,1.0590232361375758,2617679.0715329275,2.6167988e+06,0.49056603773584906,3.707547169811321,0.017451189281529077,22.867924528301888,278
RobbieBk,LOUD,9,151.30434782608697,0.8395652173913043,0.8400349934237402,2612025.7526356024,2.6126688e+06,0.391304347826087,1.0434782608695652,0.01741350174715014,32.78260869565217,279
beyAz,Gentle Mates,12,155.42857142857142,0.7946428571428571,0.7549535820032834,2585110.599565096,2.5848732e+06,0.35714285714285715,0.9285714285714286,0.0172340675400595,24.285714285714285,280
Mazino,LEVIATÁN,71,200.47395833333334,0.9877083333333333,1.0595925491626303,2579866.039965402,2.5799342e+06,0.5416666666666666,1.7447916666666667,0.017199102684247472,26.53125,281
cauanzin,LOUD,64,202.26315789473685,0.9978362573099415,1.058432930148888,2572707.435547986,2.5724532e+06,0.5087719298245614,2.111111111111111,0.01715137856170627,25.842105263157894,282
TS,Gen.G,17,183.1860465116279,0.9258139534883721,0.9179419080131874,2565641.8188643926,2.5647228e+06,0.4186046511627907,1.5348837209302326,0.017104275014820425,22.162790697674417,283
SugarZ3ro,ZETA DIVISION,48,191.5,1.0085,1.030679627292637,2557560.581266789,2.5554702e+06,0.4083333333333333,1.05,0.017050399834295717,29.491666666666667,284
crow,ZETA DIVISION,17,164.06976744186048,0.8591860465116279,0.8514083333973644,2553336.4613482137,2.5551375e+06,0.4418604651162791,1.1627906976744187,0.017022239542015906,25.38372093023256,285
Lightningfast,Global Esports,15,179.75757575757575,0.896969696969697,0.9163041134262637,2544673.2561840983,2.5384538e+06,0.36363636363636365,1.6666666666666667,0.01696448459135227,33.303030303030305,286
f0rsakeN,Paper Rex,104,214.0974729241877,1.06,1.1471775996008526,2532167.6006351234,2.5307505e+06,0.6209386281588448,2.407942238267148,0.016881112740367354,29.8086642599278,287
GodDead,Gen.G,16,175.14634146341464,0.916829268292683,0.8635629282159525,2522617.5017413986,2.5244282e+06,0.43902439024390244,1.170731707317073,0.016817446457797883,20.341463414634145,288
kaajak,FNATIC,41,229.12389380530973,1.1136283185840707,1.2614061302951618,2493727.679020591,2.4930618e+06,0.5929203539823009,4.008849557522124,0.01662484613652424,34.36283185840708,289
Avez,Karmine Corp,19,211.33018867924528,1.0654716981132075,1.1981110716456391,2486139.886042114,2.4849972e+06,0.4528301886792453,1.9622641509433962,0.016574261266847943,32.735849056603776,290
Ace,Four Angry Men,6,174.4375,0.9343750000000001,0.9698828699143134,2483050.6127977893,2.4797108e+06,0.5,1.625,0.01655366692131398,33.8125,291
jzz,MIBR,21,198.375,0.9266666666666666,0.9358528857730676,2463335.888659093,2.4616978e+06,0.2916666666666667,2.7083333333333335,0.01642223517223517,30.291666666666668,292
Reita,DetonatioN FocusMe,9,181.8421052631579,0.8836842105263157,0.8813017177181264,2438081.05478015,2.4476858e+06,0.05263157894736842,1.3157894736842106,0.016253869969040248,30.05263157894737,293
koalanoob,Natus Vincere,16,214.0888888888889,1.0113333333333332,1.0933064559947945,2446183.72757014,2.4460175e+06,0.4888888888888889,3.6666666666666665,0.01630788696006087,22.488888888888887,294
icy,G2 Esports,45,193.84545454545454,0.9106363636363637,0.950782568863416,2433943.55816349,2.4343892e+06,0.5272727272727272,2.8636363636363638,0.016226286429911044,26.354545454545455,295
Link,Monarch Effect,6,202.8235294117647,1.0767647058823528,1.1128410557248656,2432408.402172293,2.4330612e+06,0.5294117647058824,2.0,0.016216051638046524,25.88235294117647,296
Klaus,KRÜ Esports,30,178.07894736842104,0.8814473684210525,0.8856514627924102,2427753.441239239,2.4273018e+06,0.40789473684210525,2.026315789473684,0.016185019197484572,24.223684210526315,297
Patiphan,TALON,11,210.36,1.0116,1.0475190867955575,2432134.3731350005,2.4264615e+06,0.48,1.96,0.01621422482036293,27.88,298
silentzz,2Game Esports,12,193.14285714285714,0.9003571428571429,1.0234029694473683,2431285.6178833363,2.4248842e+06,0.25,2.1785714285714284,0.01620856676003735,37.5,299
TenTen,ZETA DIVISION,10,192.41666666666666,0.8450000000000001,0.9657679799417416,2403527.7850248935,2.4064078e+06,0.375,2.9583333333333335,0.016023514669025504,17.708333333333332,300
Governor,TALON,31,183.10526315789474,0.8264473684210527,0.8814400471638332,2405132.671555244,2.4063715e+06,0.3684210526315789,2.8947368421052633,0.016034214106447033,24.19736842105263,301
gyen,DetonatioN FocusMe,15,184.1764705882353,0.9591176470588235,0.9600692380627729,2383672.69419676,2.3834568e+06,0.35294117647058826,1.6470588235294117,0.015891147428871214,35.088235294117645,302
Lmemore,Rex Regum Qeon,26,205.87301587301587,0.974920634920635,1.04210594078278,2368930.6156842737,2.3696448e+06,0.47619047619047616,2.3015873015873014,0.015792866463020108,34.142857142857146,303
xnfri,DetonatioN FocusMe,12,172.7826086956522,0.8521739130434783,0.8044563812146933,2357695.5113070114,2.3570505e+06,0.13043478260869565,1.0434782608695652,0.015717966712014714,26.52173913043478,304
kamo,Team Liquid,60,212.60256410256412,0.9638461538461539,1.0419353816715702,2347863.2108966084,2.3463308e+06,0.5256410256410257,3.5064102564102564,0.015652416999593344,30.19871794871795,305
Meteor,Gen.G,97,219.36742424242425,1.016969696969697,1.149938126115767,2343629.4683596627,2.342526e+06,0.571969696969697,2.8257575757575757,0.01562419178583259,30.068181818181817,306
Akame,DetonatioN FocusMe,22,196.8,0.9808,1.013906938177062,2338664.587804703,2.3377645e+06,0.4,1.94,0.015591093117408908,31.22,307
ambitioN,LOUD,29,189.80555555555554,0.8906944444444443,0.979138167752158,2302943.390649677,2.302252e+06,0.4722222222222222,2.5,0.01535295194189673,27.875,308
ShadoW,Movistar KOI(KOI),15,167.6,0.8628571428571429,0.9666544076838195,2283365.726413515,2.2819578e+06,0.37142857142857144,1.1428571428571428,0.015222434570260658,21.17142857142857,309
mwzera,FURIA,29,210.72058823529412,0.9692647058823529,1.0095941846203522,2269072.00220022,2.2687e+06,0.35294117647058826,2.338235294117647,0.015127142443185294,21.073529411764707,310
Kada,Gentle Mates,14,189.75,1.0105555555555557,1.1319637370140465,2268628.2394902236,2.2666695e+06,0.3888888888888889,1.6944444444444444,0.015124183951583332,33.80555555555556,311
MiniBoo,Team Heretics,69,220.5,1.0132022471910112,1.116821208308543,2265857.1601655176,2.265958e+06,0.5898876404494382,3.865168539325843,0.015105709759915643,31.876404494382022,312
liazzi,MIBR,7,170.73333333333332,0.8733333333333333,0.9148145155498096,2258893.835864747,2.2603732e+06,0.2,1.1333333333333333,0.015059288537549407,33.4,313
paTiTek,Team Liquid,52,178.4113475177305,0.9312765957446809,1.0008811738315724,2204603.3754379745,2.2046535e+06,0.5815602836879432,1.6666666666666667,0.014697351951191848,26.03191489361702,314
Derke,FNATIC,82,242.6078431372549,1.1041666666666667,1.2555599828590216,2196987.9609901686,2.197545e+06,0.6323529411764706,4.25,0.014646581296059096,25.754901960784313,315
coldfish,Wolves Esports,19,200.12765957446808,1.2106382978723405,1.0957929318264605,2173751.4863513247,2.1772455e+06,0.40425531914893614,1.8936170212765957,0.014491672282661018,19.617021276595743,316
OXY,Cloud9,39,247.40425531914894,1.0659574468085107,1.1814141183820388,2166557.7936698096,2.1628272e+06,0.46808510638297873,4.446808510638298,0.014443713591640204,28.77659574468085,317
KovaQ,Team Vitality,5,198.58333333333334,0.935,1.0725398053958426,2151268.770498248,2.1527368e+06,0.4166666666666667,2.5,0.014341787439613526,34.0,318
Wailers,Gentle Mates,12,153.35714285714286,0.8535714285714285,0.8994176720804872,2147326.5577515285,2.1479512e+06,0.35714285714285715,1.0,0.014315506904516192,31.321428571428573,319
OBONE,Nova Esports,23,171.92307692307693,0.9903846153846154,0.9236787928604433,2134238.8219150268,2.1348425e+06,0.34615384615384615,1.0769230769230769,0.014228255404725994,24.692307692307693,320
9st,Night Wings Gaming,5,166.08333333333334,0.7575,0.710639068891778,2130682.2898394526,2.1325605e+06,0.4166666666666667,1.8333333333333333,0.014204545454545456,25.666666666666668,321
yuran,ZETA DIVISION,15,182.15384615384616,0.925128205128205,0.9248939792313214,2131926.616028939,2.1319115e+06,0.41025641025641024,1.358974358974359,0.014212840299796822,26.205128205128204,322
CHICHOO,EDward Gaming,89,200.9029535864979,1.0528691983122362,1.2600133708907273,2130611.6571275317,2.1306405e+06,0.5949367088607594,1.3755274261603376,0.014204073305177685,27.953586497890296,323
LewN,BBL Esports,26,216.51470588235293,0.984264705882353,1.1080648562402797,2119687.07331964,2.1180378e+06,0.5294117647058824,3.8529411764705883,0.014131242602015922,32.970588235294116,324
TakaS,Gentle Mates,12,205.42857142857142,0.9028571428571429,0.9859492619278113,2104592.46770778,2.102264e+06,0.35714285714285715,3.2142857142857144,0.01403061224489796,23.392857142857142,325
penny,Cloud9,16,197.59459459459458,0.9732432432432432,1.050618969001322,2095618.9826969742,2.0986958e+06,0.4594594594594595,2.918918918918919,0.01397078897078897,20.675675675675677,326
Okeanos,LEVIATÁN,13,191.96969696969697,0.97,1.0231583022006607,2088702.9763134944,2.0887908e+06,0.48484848484848486,1.9696969696969697,0.013924682402943271,35.27272727272727,327
florescent,Apeks,7,241.88235294117646,1.083529411764706,1.1359489326412473,2074808.928405859,2.074659e+06,0.17647058823529413,3.7058823529411766,0.013832054560954815,34.88235294117647,328
Jinggg,Paper Rex,95,225.688,1.07244,1.1724457672366073,2072343.5169662521,2.0722616e+06,0.636,2.716,0.013815618663653393,22.532,329
Destrian,Team Vitality,18,169.83333333333334,0.9152380952380952,0.9525730183293207,2068504.8707871009,2.0711688e+06,0.4523809523809524,1.2619047619047619,0.013790028848054345,23.642857142857142,330
dgzin,FURIA,29,227.07746478873239,1.0616901408450703,1.225686426188133,2066875.4899842702,2.0675124e+06,0.4225352112676056,4.788732394366197,0.013779164973286222,27.52112676056338,331
PangH,Nova Esports,8,181.57894736842104,0.9202631578947368,0.8755615471559745,2025518.8805315346,2.026449e+06,0.3684210526315789,1.263157894736842,0.013503455608718766,24.5,332
Polvi,Global Esports,13,213.80645161290323,0.9164516129032259,0.9524169405938866,1994364.4915171615,1.9932228e+06,0.3548387096774194,4.129032258064516,0.013295758991571826,23.64516129032258,333
ComeBack,Gentle Mates,11,217.71428571428572,0.9832142857142857,1.0635849852761619,1986533.1641326866,1.9825521e+06,0.39285714285714285,3.5,0.013243549928332538,33.464285714285715,334
purp0,GIANTX,28,190.84722222222223,0.9600000000000001,0.9925816946569656,1982752.3465132574,1.9800831e+06,0.4444444444444444,2.736111111111111,0.01321834483339789,39.375,335
Click,Gentle Mates,9,197.34782608695653,0.8569565217391305,1.0018508132958261,1960322.9012160217,1.9574102e+06,0.391304347826087,3.1739130434782608,0.013068815242728286,37.56521739130435,336
spike,2Game Esports,10,205.04166666666666,0.895,0.9638061921953175,1955576.7502598206,1.9544e+06,0.375,3.0416666666666665,0.013037174178478527,27.083333333333332,337
ANGE1,Natus Vincere,59,168.7448275862069,0.7988620689655173,0.8228346985935838,1954432.4198346352,1.9532818e+06,0.496551724137931,2.220689655172414,0.013029545964525843,32.213793103448275,338
mta,KRÜ Esports,15,171.14285714285714,0.8561904761904762,0.8583889014036072,1910184.9065209734,1.9095272e+06,0.40476190476190477,1.7857142857142858,0.012734562424003417,33.23809523809524,339
B3ar,Bilibili Gaming,13,153.63333333333333,1.1626666666666665,0.937652140887435,1899160.130318398,1.8972716e+06,0.4666666666666667,0.2,0.012661064425770308,33.1,340
raafa,FURIA,7,136.0625,0.61875,0.5816545570657413,1895704.3037232524,1.8966011e+06,0.125,0.6875,0.012638026224982746,21.25,341
Crewen,BBL Esports,7,175.75,0.853,0.926587833391239,1878677.033555876,1.8791702e+06,0.6,1.6,0.012524509803921568,37.6,342
S1Mon,EDward Gaming,26,162.07042253521126,0.9201408450704225,0.9337071558596122,1849757.765481308,1.8519508e+06,0.647887323943662,1.0,0.012331714931348268,30.64788732394366,343
blowz,LEVIATÁN,5,175.45454545454547,0.9427272727272726,0.9874694378705073,1835121.9663769582,1.8347625e+06,0.45454545454545453,0.7272727272727273,0.012234142668925278,26.181818181818183,344
Fit1nho,Giants Gaming,31,203.04,1.0,1.064695230227065,1820839.96525172,1.8204136e+06,0.49333333333333335,3.0933333333333333,0.012138928704146096,29.56,345
MOLSI,Apeks,25,187.11290322580646,0.9625806451612903,0.9190308276202863,1819287.2568800303,1.8202886e+06,0.3225806451612903,1.403225806451613,0.012128577851616161,27.258064516129032,346
Sato,LEVIATÁN,13,232.78787878787878,1.0372727272727273,1.182570633232046,1810347.2729657104,1.8089314e+06,0.48484848484848486,3.5454545454545454,0.012068976989925607,33.39393939393939,347
Tacolilla,LEVIATÁN,18,191.40425531914894,0.8895744680851064,1.0070503003788203,1775693.2290065265,1.774447e+06,0.48936170212765956,3.74468085106383,0.011837950770161514,18.27659574468085,348
Strawberrycc,Four Angry Men,6,243.1875,1.054375,1.1757416377482166,1765422.8191960116,1.7637575e+06,0.5,4.875,0.01176948051948052,19.9375,349
Smoggy,EDward Gaming,89,199.27848101265823,1.0421940928270041,1.1727072350953531,1752404.9630786313,1.7521295e+06,0.5949367088607594,1.4388185654008439,0.011682695451742857,30.856540084388186,350
SiuFatBB,Wolves Esports,32,154.55844155844156,0.8781818181818183,0.8995001204264261,1751619.1248076267,1.7520718e+06,0.44155844155844154,0.5974025974025974,0.011677457682539557,28.357142857142858,351
mada,NRG,38,225.94,1.0672,1.2082479367467758,1719405.0472209945,1.7208224e+06,0.57,4.37,0.011462695440468358,27.6,352
ScreaM,Karmine Corp,14,225.1875,0.981875,1.004154539431843,1691900.2607202341,1.6925046e+06,0.28125,4.1875,0.011279330572808832,32.125,353
CyvOph,Team Vitality,6,209.53846153846155,1.1084615384615384,1.1742441532826149,1689977.379993667,1.6893255e+06,0.38461538461538464,1.6153846153846154,0.011266511266511266,32.53846153846154,354
xand,FURIA,6,145.46153846153845,0.6984615384615385,0.6628917337062133,1666667.095690638,1.6679774e+06,0.46153846153846156,1.8461538461538463,0.01111111111111111,31.23076923076923,355
Zoomer,Weibo Gaming,7,190.9375,1.0675000000000001,1.1482468154802714,1653889.1021991817,1.6538595e+06,0.5,1.875,0.011025923050379572,29.5625,356
cNed,FUT Esports,60,221.61267605633802,1.0528873239436618,1.145702449671052,1636128.0732823054,1.6359434e+06,0.4788732394366197,3.316901408450704,0.010907515830949453,27.190140845070424,357
QutionerX,BBL Esports,23,235.21428571428572,1.0244642857142856,1.0874998078710485,1605424.8541393378,1.6058799e+06,0.375,4.071428571428571,0.010702827601732471,27.267857142857142,358
Zyppan,Natus Vincere,49,197.34453781512605,0.983529411764706,1.0189388569982307,1585583.8468738964,1.5859774e+06,0.4789915966386555,2.1260504201680672,0.010570554787842593,31.49579831932773,359
v1nny,LOUD,7,142.23529411764707,0.7694117647058824,0.7244545588267133,1571063.6431006137,1.5719015e+06,0.4117647058823529,0.6470588235294118,0.010473754719279015,33.1764705882353,360
Urango,FURIA,5,139.9090909090909,0.5727272727272728,0.5523509170567994,1573426.9197549135,1.5715895e+06,0.09090909090909091,0.45454545454545453,0.01048951048951049,30.818181818181817,361
Enzo,Team Liquid,14,170.9375,0.913125,0.9444253032077142,1554192.7963654804,1.5606642e+06,0.40625,1.15625,0.01036128160788487,19.375,362
HYUNMIN,DRX,37,231.16666666666666,1.0672916666666667,1.1554553947621866,1554272.700822195,1.5519826e+06,0.5833333333333334,3.5,0.010361813121164144,32.479166666666664,363
Filu,Movistar KOI(KOI),17,204.04651162790697,0.8741860465116278,0.9457015293128405,1541204.6097337534,1.5412148e+06,0.32558139534883723,3.046511627906977,0.010274693287837878,28.41860465116279,364
Deryeon,BLEED,17,187.1627906976744,0.8718604651162791,0.8996194070407476,1534273.488273727,1.5328391e+06,0.2558139534883721,2.744186046511628,0.01022848609983565,26.953488372093023,365
Virtyy,LOUD,8,199.05,0.9115,0.9743887910335278,1513587.5716004274,1.5133191e+06,0.25,3.3,0.010090579710144928,24.45,366
d3ffo,Gank Gaming,5,166.30769230769232,0.8176923076923076,0.873114943060168,1486014.5152341365,1.4862974e+06,0.46153846153846156,2.6153846153846154,0.009906759906759906,20.846153846153847,367
bipo,Gentle Mates,9,190.24,0.9052,0.9895651656564969,1439258.4461465157,1.4394048e+06,0.64,2.56,0.009595052290704464,25.52,368
Famouz,BOOM Esports,14,218.3939393939394,0.9372727272727273,1.0289691875605187,1433732.0379035512,1.4333998e+06,0.3939393939393939,3.606060606060606,0.009558209138248664,18.818181818181817,369
alym,FURIA,6,190.73684210526315,0.8705263157894736,0.9760267123657216,1424077.1103824787,1.4238602e+06,0.5789473684210527,3.473684210526316,0.009493843303911953,28.263157894736842,370
Palla,FURIA,9,208.95,0.791,0.8154658981911135,1375000.5763816156,1.3782178e+06,0.2,3.55,0.009166666666666667,30.65,371
Wolfen,KOI,14,208.61764705882354,0.8967647058823529,0.9602031524142706,1359578.550897712,1.3567805e+06,0.3235294117647059,3.764705882352941,0.009063852813852814,26.529411764705884,372
MarT1n,JDG Esports,17,196.97727272727272,1.0311363636363635,1.0768810717910684,1338661.9351680565,1.3393049e+06,0.38636363636363635,1.2045454545454546,0.008924408924408924,29.772727272727273,373
Surf,TALON,11,170.8,0.9068,0.9514557925734397,1328063.7960973603,1.3269566e+06,0.56,1.4,0.008853754940711462,38.24,374
kellyS,Team Secret,16,189.1578947368421,0.8773684210526315,0.855950786806661,1276629.6239274025,1.2763939e+06,0.2631578947368421,1.5,0.008510860484544695,22.973684210526315,375
EJAY,Rex Regum Qeon,13,209.3,0.952,1.0613510563048663,1270567.5734913317,1.2699629e+06,0.4666666666666667,3.1,0.008470446149474283,20.666666666666668,376
lenne,TALON,8,165.54545454545453,0.9063636363636364,1.1419909190631117,1250000.5736884228,1.2517919e+06,0.2727272727272727,1.3636363636363635,0.008333333333333333,19.363636363636363,377
logaN,Gentle Mates,7,181.73333333333332,1.004,1.0429904354904356,1250000.597770766,1.2508892e+06,0.3333333333333333,1.2,0.008333333333333333,35.2,378
Haodong,EDward Gaming,55,171.45833333333334,0.9460416666666666,0.9514172921645607,1227176.9189780569,1.2279024e+06,0.5416666666666666,1.2777777777777777,0.008181175930136928,28.006944444444443,379
xeus,FUT Esports,20,221.9375,0.981875,1.0864594728548747,1212303.537424844,1.2126731e+06,0.4166666666666667,3.7291666666666665,0.008082019039499858,37.479166666666664,380
yyy,Douyu Gaming,5,177.4,0.882,0.8801062091503269,1201923.6371607608,1.2027688e+06,0.4,1.7,0.008012820512820512,25.1,381
happywei,Xi Lai Gaming,38,233.4795918367347,1.1277551020408163,1.3001292656063774,1176916.0456323992,1.1771148e+06,0.5510204081632653,2.7244897959183674,0.007846102141915433,33.36734693877551,382
Maple,Weibo Gaming,7,268.0,1.255625,1.2886198686140216,1171875.8015344308,1.1723352e+06,0.5,5.75,0.007812499999999999,21.1875,383
nobody,EDward Gaming,89,191.86286919831224,0.9368776371308016,1.0686363101926923,1152462.8165712447,1.1523454e+06,0.5949367088607594,1.8270042194092826,0.0076830814570019975,30.29957805907173,384
Dantedeu5,VISA KRÜ(KRÜ Esports),6,187.76470588235293,0.8758823529411766,0.8990957008349104,1141506.1236883465,1.141547e+06,0.4117647058823529,2.6470588235294117,0.007610037021801728,25.11764705882353,385
YiHao,JDG Esports,8,172.42857142857142,0.9269047619047619,0.874601349761677,1098901.6250790507,1.1003691e+06,0.3333333333333333,1.5476190476190477,0.007326007326007326,28.0,386
garnetS,TALON,13,224.82758620689654,0.9875862068965517,1.0343134219788965,1096327.5282742963,1.0957506e+06,0.5517241379310345,4.103448275862069,0.007308845577211395,25.20689655172414,387
Eggsterr,ENVY,5,180.84615384615384,0.8507692307692308,0.9695523729646761,1072875.0815456486,1.0770199e+06,0.38461538461538464,2.5384615384615383,0.007152496626180837,28.0,388
Sorrys,Royal Never Give Up,5,186.30769230769232,0.8284615384615385,0.7844674932910227,1003345.0015254699,1.00282125e+06,0.5384615384615384,1.7692307692307692,0.006688963210702341,20.73076923076923,389
NcSlasher,BOOM Esports,14,175.8181818181818,0.8978787878787878,0.9415014209659579,970203.3520547404,970226.1,0.3939393939393939,1.121212121212121,0.006468018696279566,28.696969696969695,390
Juicy,Wolves Esports,23,205.88888888888889,0.9068518518518518,0.970860904961427,957034.6998050594,958018.9,0.4444444444444444,3.574074074074074,0.0063802273947201485,27.296296296296298,391
Zeno,Dragon Ranger Gaming,6,182.86666666666667,0.9670000000000001,0.8994183044337842,952381.523756566,953309.0,0.5333333333333333,1.5333333333333334,0.006349206349206349,21.566666666666666,392
Shr1mp,All Gamers,19,191.04,1.0704,1.13342469132175,940281.9546941088,941640.5,0.54,1.36,0.006268542199488492,29.32,393
Suggest,DetonatioN FocusMe,10,192.34782608695653,0.8843478260869565,0.9405608235783898,917561.2905995495,917878.0,0.17391304347826086,2.3043478260869565,0.006117071334462639,31.695652173913043,394
balua,Wolves Esports,20,207.3469387755102,1.0740816326530613,1.0527357533265158,898403.4568841682,898760.0,0.42857142857142855,1.8775510204081634,0.0059893522626441875,23.612244897959183,395
f4ngeer,All Gamers,7,220.65,1.053,1.1969608740932272,882353.6242510456,882279.9,0.6,4.05,0.0058823529411764705,33.05,396
ZmjjKK,EDward Gaming,89,255.6983122362869,1.0630801687763713,1.2731966233876726,881368.5978369798,881776.06,0.5949367088607594,4.215189873417722,0.005875785669605987,22.91561181434599,397
alexiiik,Natus Vincere,9,210.47826086956522,1.0039130434782608,1.1599841858086575,842391.988247282,843708.4,0.5652173913043478,3.260869565217391,0.005615942028985506,28.47826086956522,398
Biank,Trace Esports,54,182.45138888888889,0.8119444444444445,0.9573005608953555,779335.9364712617,779866.3,0.4861111111111111,1.3472222222222223,0.005195569326004108,20.618055555555557,399
ICEKING,TYLOO,14,184.38235294117646,1.0223529411764705,0.8903386365877773,778547.2468757791,778821.6,0.5,1.5294117647058822,0.005190311418685122,21.176470588235293,400
iamgrq,All Gamers,7,187.7,0.9365,1.061228604127211,767264.0069315245,767440.5,0.6,1.3,0.005115089514066496,24.95,401
FengF,Trace Esports,55,216.86330935251797,0.9505755395683453,1.127925649525064,758736.7317986224,758732.8,0.5179856115107914,2.2517985611510793,0.0050582405832732425,27.014388489208635,402
batujnax,Apeks,11,179.9655172413793,0.8344827586206897,0.8449150339003013,732759.1562831707,733766.25,0.2413793103448276,2.0344827586206895,0.004885057471264368,28.275862068965516,403
monk,All Gamers,23,187.3090909090909,0.8851818181818182,0.8923121327807508,692740.3049520281,693198.8,0.34545454545454546,1.7636363636363637,0.004618265030164343,26.1,404
Art,DetonatioN FocusMe,9,154.3,0.712,0.6736316877716292,683230.2488247526,683661.4,0.3,1.15,0.004554865424430642,21.85,405
Flex1n,Dragon Ranger Gaming,56,194.86111111111111,1.0186111111111111,1.0832721308356628,679928.8110148207,679183.94,0.5208333333333334,1.3472222222222223,0.004532854808590103,27.34722222222222,406
Akeman,Dragon Ranger Gaming,16,191.13333333333333,0.8371111111111111,0.8869469804170527,666667.2059893728,668875.75,0.4666666666666667,2.977777777777778,0.0044444444444444444,28.155555555555555,407
Viva,Xi Lai Gaming,49,184.99180327868854,0.9817213114754098,1.1754047394644638,659774.577809903,659879.44,0.5163934426229508,1.139344262295082,0.004398493128001325,28.639344262295083,408
Scales,TYLOO,24,190.42105263157896,1.0335087719298246,1.048311961413387,633105.082840943,632417.8,0.49122807017543857,1.8771929824561404,0.004220696669209254,33.43859649122807,409
nizhaoTZH,Dragon Ranger Gaming,28,173.84722222222223,0.6894444444444444,0.9405663836149516,626566.9300837317,627032.2,0.4166666666666667,1.0416666666666667,0.004177109440267335,31.125,410
DK,Bilibili Gaming,10,157.5,0.8160714285714284,0.8468098888432811,626160.0435687011,626581.06,0.5,1.0357142857142858,0.004174397031539889,24.428571428571427,411
kawaii,Titan Esports Club,16,192.23076923076923,1.0810256410256411,1.0045312635244763,598291.2040223844,599559.3,0.358974358974359,1.9743589743589745,0.003988603988603989,23.974358974358974,412
Autumn,FunPlus Phoenix,48,207.66141732283464,1.0540157480314962,1.1258332263360042,549444.0643536274,549479.06,0.49606299212598426,2.3149606299212597,0.0036629561621002904,32.188976377952756,413
yosemite,Bilibili Gaming,48,208.29752066115702,1.0525619834710744,1.1095589282245968,528999.1306989132,528420.06,0.45454545454545453,1.9504132231404958,0.0035266565988808173,26.553719008264462,414
o0o0o,Nova Esports,32,160.58666666666667,0.8322666666666666,0.7716891437882151,525223.2768171765,524842.7,0.4,1.32,0.0035014854426619136,29.013333333333332,415
Rarga,Xi Lai Gaming,33,237.6046511627907,1.0809302325581394,1.2659082063507328,525760.1415580888,524414.25,0.5697674418604651,3.8372093023255816,0.0035050628685879604,34.56976744186046,416
WsLeo,Xi Lai Gaming,6,172.61111111111111,0.8855555555555555,0.8994591465179701,520833.86449145403,520247.38,0.5,1.5,0.003472222222222222,24.555555555555557,417
zjc,TYLOO,26,197.22727272727272,0.7878787878787878,1.0039432713282277,455115.63170407165,455143.28,0.36363636363636365,1.8333333333333333,0.003034100402521455,30.348484848484848,418
Nicc,Dragon Ranger Gaming,54,188.46428571428572,1.0110714285714284,1.0099030969623293,454971.19009038154,455063.25,0.4785714285714286,1.1,0.0030331374974232115,30.85,419
coconut,Xi Lai Gaming,33,167.87209302325581,0.9248837209302326,0.9640652266889758,450254.0668137453,450516.03,0.5697674418604651,1.0348837209302326,0.003001690272192108,30.093023255813954,420
AC,Titan Esports Club,13,191.90625,0.9075000000000001,1.0417343897824742,446429.16075789975,446487.16,0.40625,1.125,0.002976190476190476,27.625,421
Knight,Bilibili Gaming,62,193.2037037037037,1.0182098765432097,1.0726312528659,445782.8883902794,446355.94,0.5370370370370371,1.2962962962962963,0.002971881997646893,25.28395061728395,422
SWERL,Nova Esports,25,231.53968253968253,1.0709523809523809,1.109356103006309,401139.37653372524,400054.7,0.42857142857142855,3.3333333333333335,0.0026742581090407175,25.174603174603174,423
Spring,Wolves Esports,47,222.03603603603602,1.0627477477477476,1.1332520841017946,366865.9724974036,366304.47,0.43243243243243246,3.009009009009009,0.002445768750116576,28.117117117117118,424
Lysoar,FunPlus Phoenix,64,192.5207100591716,0.9588757396449703,1.0540010467301246,364440.4023408709,364532.8,0.48520710059171596,1.2603550295857988,0.002429598730995544,28.035502958579883,425
LuoK1ng,Trace Esports,55,188.13669064748203,0.959568345323741,1.0964417090440108,360997.51122440316,362374.84,0.49640287769784175,1.316546762589928,0.0024066461116820826,30.93525179856115,426
Babyblue,JD Mall JDG Esports(JDG Esports),18,193.89583333333334,0.9031250000000001,0.9381744170468048,352329.0011080581,352329.75,0.4166666666666667,2.25,0.0023488562091503267,28.770833333333332,427
Life,FunPlus Phoenix,50,222.24427480916032,0.9213358778625955,1.0936284277684007,339190.15369787905,339375.78,0.4580152671755725,4.015267175572519,0.002261263462723801,31.15267175572519,428
Yuicaw,Wolves Esports,50,199.648,0.94724,1.0170019873860903,335291.3876330842,335742.75,0.44,2.08,0.002235271974402409,31.116,429
nephh,Bilibili Gaming,44,196.54621848739495,1.044747899159664,1.0508846290397922,310962.9251386529,311200.6,0.5462184873949579,1.6092436974789917,0.0020730821973057997,23.252100840336134,430
K1ra,All Gamers,22,206.82758620689654,1.013103448275862,1.1110899008705135,304260.2525359508,304185.38,0.4482758620689655,2.103448275862069,0.002028397565922921,27.24137931034483,431
NoMan,Xi Lai Gaming,17,191.75555555555556,0.9583333333333334,1.1219954731350388,297619.66510164243,297520.5,0.5111111111111111,2.8,0.001984126984126984,32.477777777777774,432
AAAAY,FunPlus Phoenix,53,195.00709219858157,0.9807801418439716,1.1249055867554607,289415.17059023946,290134.3,0.46099290780141844,1.1134751773049645,0.0019294304215673318,38.02127659574468,433
Spitfires,All Gamers,25,214.85,0.8858333333333334,1.045358582392167,250000.61017874023,250651.5,0.4,3.75,0.0016666666666666668,26.7,434
Core,TYLOO,8,185.52380952380952,0.9980952380952381,1.106073120779003,238095.77945166902,237902.53,0.6190476190476191,0.23809523809523808,0.0015873015873015873,26.666666666666668,435
Levius,Bilibili Gaming,31,173.41764705882352,0.9403529411764705,1.008384223049545,235294.6551085161,234926.73,0.5529411764705883,1.3294117647058823,0.001568627450980392,24.458823529411763,436
BerLIN,FunPlus Phoenix,48,182.73076923076923,0.8853076923076924,0.9354716965733046,204431.7397171779,204705.72,0.46923076923076923,2.0153846153846153,0.001362874642226869,30.50769230769231,437
Ninebody,TYLOO,30,223.24324324324326,1.0714864864864866,1.1451398803027555,193489.6046540021,193644.39,0.43243243243243246,3.189189189189189,0.00128992628992629,26.013513513513512,438
Eren,TYLOO,17,202.4390243902439,1.19,1.0474700474879814,182927.4237236393,182739.62,0.4146341463414634,1.3902439024390243,0.0012195121951219512,29.21951219512195,439
Abo,Titan Esports Club,42,200.33644859813083,1.0032710280373833,1.0143420055953536,171340.14538547827,171189.14,0.4392523364485981,2.514018691588785,0.001142263759086189,33.429906542056074,440
Kai,Trace Esports,51,222.60852713178295,1.0855038759689923,1.196113385971367,163596.77164994567,163582.3,0.5038759689922481,3.364341085271318,0.0010906406255243464,28.73643410852713,441
heybay,Trace Esports,50,182.18548387096774,0.8295967741935484,0.9761044546428058,160175.24653286635,159864.62,0.5241935483870968,1.846774193548387,0.0010678311870457734,24.838709677419356,442
pl1xx,Wolves Esports,20,196.91304347826087,1.3356521739130436,1.0261240943625853,141777.5414186177,141944.11,0.43478260869565216,1.2173913043478262,0.000945179584120983,22.956521739130434,443
cb,Nova Esports,39,196.02105263157895,0.9251578947368421,0.9783352047984605,137300.32935744472,136926.69,0.42105263157894735,2.0736842105263156,0.0009153318077803203,25.31578947368421,444
YOU,Trace Esports,35,186.83908045977012,1.1217241379310343,1.0775512528530475,133416.0470204096,133211.4,0.632183908045977,1.9885057471264367,0.0008894362342638205,27.816091954022987,445
rushia,Guangzhou Huadu Bilibili Gaming(Bilibili Gaming),35,197.35714285714286,1.0872448979591836,1.0981750688320846,133097.32438207258,133043.84,0.5612244897959183,2.183673469387755,0.0008873114463176574,24.336734693877553,446
whzy,Bilibili Gaming,64,241.50877192982455,1.1157309941520468,1.1958854840682045,109340.25395968546,109436.73,0.5263157894736842,4.023391812865497,0.0007289303627976397,26.116959064327485,447
TvirusLuke,Dragon Ranger Gaming,43,211.34285714285716,0.9113333333333333,0.9421475208085115,59524.394912909556,59783.76,0.44761904761904764,4.180952380952381,0.0003968253968253968,24.60952380952381,448
splash,TYLOO,7,251.41176470588235,1.0911764705882354,1.2394009676153184,0.7114063752814114,257.61826,0.5882352941176471,3.764705882352941,0.0,29.176470588235293,449
AAK,TYLOO,8,208.3684210526316,0.9899999999999999,1.0403922453987633,0.5672963817756016,231.75162,0.3157894736842105,1.0,0.0,26.5,450
SpiritZ1,Dragon Ranger Gaming,29,211.55128205128204,0.9375641025641025,1.0134936233398473,0.599988958497246,215.7764,0.5,3.8461538461538463,0.0,32.48717948717949,451
Shion7,Dragon Ranger Gaming,16,177.2,0.99,0.8389026305222126,0.4763408772102822,188.43178,0.4,1.075,0.0,25.3,452
Jieni7,EDward Gaming,16,195.17073170731706,0.9313414634146342,0.9702382096495968,0.5823574281382574,166.24442,0.5121951219512195,2.3658536585365852,0.0,28.829268292682926,453
lucas,Wuxi Titan Esports Club(Titan Esports Club),9,193.1304347826087,0.9843478260869566,1.0276199836268487,0.5805531883125031,145.09721,0.34782608695652173,1.9130434782608696,0.0,25.41304347826087,454
Coco,Titan Esports Club,16,203.17073170731706,1.002439024390244,1.1212985584729147,0.6096271398423669,135.23055,0.3902439024390244,1.2195121951219512,0.0,34.26829268292683,455
P0PPIN,ENVY,5,178.3846153846154,0.8200000000000001,0.8390228021032975,0.5590252477976351,120.80974,0.38461538461538464,2.5384615384615383,0.0,30.53846153846154,456
Seoldam,DetonatioN FocusMe,8,207.33333333333334,0.8420000000000001,0.8733977005107036,0.6078269417641973,104.27288,0.06666666666666667,4.4,0.0,19.333333333333332,457
Yoyo,TYLOO,8,186.72222222222223,0.9027777777777778,0.9553106909144061,0.5501567530515488,104.25333,0.5,1.3888888888888888,0.0,26.77777777777778,458
jkuro,JD Mall JDG Esports(JDG Esports),31,189.625,0.969875,1.0233246276749566,0.5725147134949573,91.747314,0.4625,1.9,0.0,30.275,459
kklin,JD Mall JDG Esports(JDG Esports),5,162.46666666666667,0.7553333333333333,0.7530174999292646,0.44388607631484617,88.59025,0.4,1.4,0.0,27.533333333333335,460
Dynamite,Wuxi Titan Esports Club(Titan Esports Club),7,189.89473684210526,0.94,0.9756521066607429,0.5366725490926851,63.3076,0.42105263157894735,1.631578947368421,0.0,26.157894736842106,461
5CM,TYLOO,6,163.66666666666666,0.7783333333333334,0.7265883789413201,0.4691866165986684,62.655167,0.2,2.1333333333333333,0.0,21.9,462
YHchen,JDG Esports,13,194.3548387096774,0.9945161290322581,1.0411546230881097,0.6112333397988351,62.587322,0.45161290322580644,1.8709677419354838,0.0,23.20967741935484,463
iNTRO,T1,5,184.8,0.982,1.0001831501831502,0.5352374667571014,62.104103,0.6,0.0,0.0,27.4,464
bunt,All Gamers,20,187.85106382978722,0.7938297872340426,1.0325085392068793,0.5824949568519867,55.421387,0.3617021276595745,1.5,0.0,24.51063829787234,465
deLb,All Gamers,34,195.21951219512195,0.9003658536585366,1.0564888219606752,0.5857835149926233,37.968933,0.36585365853658536,1.451219512195122,0.0,36.609756097560975,466
QiuYe,Titan Esports Club,5,166.3846153846154,0.99,0.7964598779693213,0.48182857905549487,36.314167,0.46153846153846156,2.0,0.0,27.0,467
slowly,TYLOO,22,232.20754716981133,1.1532075471698113,1.3771598133191976,0.7200903414353288,31.429308,0.4528301886792453,2.8867924528301887,0.0,30.547169811320753,468
MrCANI,JD Mall JDG Esports(JDG Esports),8,148.1,0.849,0.7867797557619539,0.4527649694506198,29.051067,0.4,0.6,0.0,45.1,469
stew,JD Mall JDG Esports(JDG Esports),33,232.22093023255815,1.1274418604651162,1.2784671371393308,0.6984957745902871,25.991262,0.45348837209302323,3.5930232558139537,0.0,31.093023255813954,470
B1ack,Titan Esports Club,6,192.2,0.99,1.0047572797572797,0.5703283105140259,24.723455,0.4666666666666667,1.2666666666666666,0.0,26.5,471
sword9,TYLOO,29,170.5151515151515,0.9221212121212121,0.9943922151510809,0.5252337408884898,20.3777,0.45454545454545453,1.0454545454545454,0.0,25.818181818181817,472
HanChe,All Gamers,12,167.13333333333333,0.8923333333333333,0.8473609723609724,0.5123784083450426,19.83375,0.4,1.7,0.0,29.666666666666668,473
Z1yan,JD Mall JDG Esports(JDG Esports),19,199.08333333333334,0.8825,1.1583112738153372,0.6088160419215477,15.657296,0.4583333333333333,1.8333333333333333,0.0,36.145833333333336,474
Lsn,All Gamers,7,165.52941176470588,0.6670588235294117,0.7667115263477493,0.43844555097464244,5.2553086,0.17647058823529413,1.1176470588235294,0.0,27.941176470588236,475
vo0kashu,Dragon Ranger Gaming,46,226.93388429752065,1.162396694214876,1.2546822816086307,0.6926446940385842,-1.6808573,0.48760330578512395,1.8512396694214877,0.0,30.884297520661157,476
waituu,TYLOO,5,166.21428571428572,0.8728571428571428,0.8410359015401033,0.504710867665973,-2.2692304,0.35714285714285715,1.1428571428571428,0.0,24.357142857142858,477
GuanG,Nova Esports,33,206.52564102564102,0.9482051282051281,1.0747954152284376,0.6112734145037663,-10.797113,0.3717948717948718,2.08974358974359,0.0,29.923076923076923,478
zhe,JD Mall JDG Esports(JDG Esports),6,187.27777777777777,0.9316666666666666,1.154296937630271,0.5982215720951433,-13.71399,0.5,2.5,0.0,20.444444444444443,479
jowa,Wolves Esports,5,209.0,0.9514285714285714,1.0582836164768936,0.6098304184655168,-28.960741,0.42857142857142855,2.0714285714285716,0.0,31.357142857142858,480
Ezeir,Nova Esports,23,206.61818181818182,1.0685454545454547,1.0616164122082268,0.5975394867329434,-29.950972,0.38181818181818183,1.4,0.0,24.927272727272726,481
bud,Guangzhou Huadu Bilibili Gaming(Bilibili Gaming),7,162.8,0.8880000000000001,0.8504979306469245,0.45681191790199327,-30.476282,0.55,0.7,0.0,29.8,482
Erv,TYLOO,7,202.35294117647058,1.0758823529411765,1.15178446601457,0.6230556181910147,-33.592674,0.5882352941176471,1.2941176470588236,0.0,32.588235294117645,483
LockM,Titan Esports Club,15,167.89473684210526,0.9899999999999999,0.8468794607706128,0.494678130958895,-52.95798,0.39473684210526316,0.9473684210526315,0.0,35.26315789473684,484
Midi,Trace Esports,5,151.0,0.7131818181818181,0.7955152171061262,0.46408118095219597,-53.829613,0.36363636363636365,0.9090909090909091,0.0,32.45454545454545,485
Au1,All Gamers,7,182.1,0.8825000000000001,0.9118581296154826,0.5397991767826249,-98.023285,0.6,1.3,0.0,20.5,486
qiutiaN,Wolves Esports,5,191.0,0.9478571428571428,0.9895383490778228,0.5752026925199237,-124.10441,0.42857142857142855,3.142857142857143,0.0,25.142857142857142,487
suyjing,TYLOO,5,157.0,0.99,0.8156291537594058,0.4790542379212433,-137.1421,0.5,2.0,0.0,27.0,488
Cangshu,Dragon Ranger Gaming,7,158.0,0.7873684210526315,0.7945544780297101,0.46360053786150096,-207.14197,0.5263157894736842,1.4210526315789473,0.0,27.05263157894737,489
